0,1,2,3,4,5
18.075,23.9,10.6,1012.1,270.0,3.1
55.025,24.4,9.4,1011.8,270.0,3.6
25.425,24.4,11.1,1011.7,280.0,3.6
129.525,24.4,11.7,1011.4,360.0,3.1
173.175,22.2,11.1,1012.1,350.0,3.6
98.75,20.6,9.4,1012.4,340.0,3.1
99.175,20.0,8.9,1012.8,350.0,1.5
38.975,15.0,7.8,1013.4,310.0,2.6
6.05,11.7,7.8,1014.6,340.0,2.1
5.75,8.9,6.7,1015.3,90.0,1.5
5.85,7.2,5.6,1015.4,70.0,1.5
6.05,9.4,7.2,1015.2,60.0,2.6
6.7,8.3,6.7,1015.5,120.0,1.5
7.175,7.2,6.1,1015.8,80.0,2.1
7.2,6.7,5.6,1016.7,0.0,0.0
30.425,6.7,6.1,1017.3,80.0,3.1
66.45,7.2,6.1,1017.9,80.0,2.6
180.025,10.0,7.2,1018.2,60.0,3.1
122.6667,13.9,7.8,1018.6,80.0,1.5
59.225,18.3,10.0,1019.1,80.0,1.5
14.025,22.2,9.4,1019.3,80.0,2.1
18.025,23.9,7.8,1019.3,50.0,5.1
18.875,24.4,7.8,1019.4,20.0,2.6
19.0,25.6,6.7,1019.1,20.0,2.1
21.875,26.1,7.8,1018.9,60.0,3.1
21.225,26.7,6.7,1018.6,0.0,0.0
20.95,28.3,7.8,1018.2,0.0,2.6
46.5,27.2,6.7,1018.1,0.0,1.5
93.325,26.7,8.9,1018.3,300.0,4.6
116.9,26.1,9.4,1018.2,340.0,4.6
118.275,23.9,9.4,1018.6,360.0,2.6
47.8,19.4,10.0,1018.9,20.0,1.5
11.475,14.4,10.6,1019.8,0.0,0.0
6.675,12.8,10.0,1019.9,0.0,0.0
5.4,11.7,10.0,1020.2,0.0,0.0
5.35,11.1,10.0,1020.2,0.0,0.0
5.425,11.1,9.4,1020.4,0.0,0.0
5.425,12.8,10.6,1020.4,110.0,1.5
5.4,12.2,10.6,1020.5,70.0,2.6
28.675,12.2,10.0,1020.9,70.0,3.1
66.7,12.2,10.0,1021.3,70.0,2.6
185.775,13.9,11.1,1021.7,90.0,2.6
145.75,17.8,12.8,1021.8,80.0,2.1
67.45,22.2,15.0,1022.3,80.0,1.5
33.925,23.9,15.6,1022.6,230.0,2.6
24.25,26.1,15.0,1022.7,350.0,1.5
68.75,26.7,14.4,1022.6,350.0,1.5
25.9,26.1,11.7,1022.2,30.0,2.1
196.075,28.9,12.2,1021.5,140.0,3.6
69.25,28.9,12.2,1021.2,0.0,0.0
25.65,28.3,12.2,1021.1,0.0,0.0
37.225,30.0,12.2,1020.5,0.0,3.1
86.0,30.0,12.8,1020.5,80.0,2.6
121.95,26.1,14.4,1020.8,150.0,2.1
55.275,22.2,15.0,1020.4,130.0,2.1
22.05,19.4,14.4,1020.8,140.0,2.1
16.2,20.6,13.9,1020.6,130.0,2.6
12.6,20.6,13.9,1020.7,150.0,3.1
12.55,20.0,13.9,1021.4,140.0,1.5
6.975,17.2,14.4,1022.1,130.0,1.5
8.425,19.4,14.4,1022.0,140.0,2.6
8.55,19.4,15.0,1021.7,160.0,2.1
30.125,18.3,15.0,1021.5,150.0,2.1
67.6,18.9,15.0,1021.6,140.0,2.6
191.75,20.6,15.6,1021.8,140.0,2.6
155.225,21.7,16.1,1021.8,160.0,3.6
72.525,23.9,17.2,1022.0,180.0,3.6
36.675,26.1,16.1,1021.8,190.0,4.1
25.15,27.8,15.6,1021.9,210.0,4.1
26.275,28.9,15.0,1021.6,200.0,4.6
27.525,30.0,15.6,1020.9,200.0,3.1
28.725,30.6,15.6,1020.3,170.0,4.1
29.075,31.1,14.4,1019.6,160.0,4.1
28.875,30.0,13.9,1018.9,160.0,5.7
53.55,30.0,13.9,1018.7,180.0,5.7
128.3,30.0,15.0,1017.9,190.0,6.7
121.8,28.9,15.6,1017.3,180.0,6.2
120.2,26.1,15.0,1017.1,180.0,5.7
54.9,25.0,14.4,1017.0,160.0,4.6
24.8,24.4,14.4,1017.6,160.0,5.7
21.425,22.8,14.4,1017.3,170.0,5.1
16.1,22.2,14.4,1017.2,170.0,4.6
10.025,21.1,13.9,1016.0,160.0,5.1
9.55,21.1,13.3,1015.9,180.0,4.6
32.05,20.6,13.3,1015.6,180.0,4.1
69.55,20.0,12.8,1015.6,160.0,5.7
191.2,20.6,12.8,1015.5,160.0,4.1
187.9,20.6,13.3,1015.6,170.0,3.6
183.375,21.1,13.9,1015.8,170.0,3.6
186.05,18.9,17.2,1015.5,160.0,2.6
192.55,19.4,16.7,1015.3,160.0,3.1
197.725,21.7,17.2,1015.4,170.0,3.1
135.725,22.8,18.3,1014.8,170.0,3.6
78.05,25.0,19.4,1014.0,180.0,4.6
79.725,27.2,19.4,1013.4,190.0,3.6
94.75,27.8,19.4,1012.7,160.0,4.6
54.35,27.8,19.4,1012.3,100.0,2.6
198.025,27.2,19.4,1012.3,150.0,4.1
126.0,27.8,20.0,1012.4,150.0,4.1
126.15,25.6,19.4,1012.8,120.0,2.6
63.85,24.4,19.4,1013.3,160.0,5.1
31.85,23.3,18.9,1014.0,150.0,4.1
30.375,21.7,18.9,1014.0,150.0,2.6
27.575,21.1,18.9,1013.6,130.0,2.1
25.175,20.6,18.9,1013.4,140.0,2.1
17.275,20.0,18.9,1012.9,140.0,2.6
15.5,18.9,18.3,1012.6,120.0,2.1
15.125,18.3,17.8,1012.1,110.0,1.5
40.95,18.3,17.8,1012.2,120.0,2.1
81.075,19.4,18.9,1012.5,140.0,2.1
196.2,20.0,19.4,1012.6,150.0,3.1
192.875,21.7,19.4,1012.9,170.0,3.1
160.15,22.8,19.4,1013.1,180.0,3.1
72.725,25.6,16.7,1011.5,300.0,5.1
133.55,26.7,16.1,1011.0,300.0,5.7
183.475,25.6,14.4,1011.1,320.0,6.2
179.125,23.3,16.1,1012.0,360.0,5.7
167.975,22.2,14.4,1012.5,10.0,3.1
94.45,22.2,13.3,1012.8,360.0,2.6
95.7,21.1,13.9,1013.4,360.0,3.6
44.7,19.4,14.4,1013.7,360.0,1.5
11.4,17.8,14.4,1013.9,310.0,2.6
9.7,16.7,14.4,1013.9,190.0,1.5
8.0,17.8,15.6,1013.6,250.0,1.5
6.05,14.4,13.9,1013.4,0.0,0.0
6.05,13.9,12.8,1013.5,0.0,0.0
5.7,12.8,12.8,1013.1,0.0,0.0
32.3,13.3,13.3,1013.5,350.0,1.5
69.5,13.3,12.8,1014.0,0.0,0.0
171.425,15.6,14.4,1014.2,0.0,0.0
178.8,16.1,14.4,1014.3,300.0,2.6
187.025,16.7,14.4,1014.4,320.0,3.1
188.95,17.8,13.9,1015.0,300.0,3.1
69.9,18.3,14.4,1015.5,300.0,4.1
13.275,21.7,14.4,1014.7,300.0,2.6
18.1,22.2,14.4,1014.5,310.0,4.1
102.825,22.2,15.0,1014.4,290.0,6.2
56.225,21.7,13.9,1014.9,320.0,5.7
30.8,23.9,15.0,1014.6,290.0,6.7
51.325,23.3,13.3,1014.4,300.0,5.7
79.175,22.8,12.8,1014.5,290.0,6.7
95.7,21.7,13.3,1014.8,320.0,4.1
94.7,21.1,12.8,1015.1,320.0,3.6
42.175,18.9,11.7,1015.5,360.0,1.5
8.625,15.0,12.2,1016.1,30.0,1.5
6.0,12.2,11.1,1016.6,0.0,0.0
5.625,12.2,11.1,1016.7,50.0,1.5
5.8,11.1,10.0,1016.7,70.0,1.5
5.775,10.6,9.4,1017.0,70.0,2.1
5.95,11.1,10.6,1017.0,80.0,2.1
6.425,11.1,10.0,1017.1,80.0,2.6
33.7,10.0,9.4,1017.2,70.0,2.1
70.325,10.6,10.0,1017.6,70.0,2.6
170.2,12.8,11.1,1017.7,80.0,2.1
120.25,16.7,12.8,1017.7,0.0,0.0
57.45,18.9,11.7,1017.9,0.0,0.0
22.425,21.1,12.2,1018.2,290.0,1.5
30.55,23.3,12.8,1018.1,240.0,2.1
42.675,23.9,10.0,1017.8,290.0,3.6
19.6,24.4,10.0,1017.4,290.0,1.5
20.25,25.0,9.4,1017.2,290.0,4.1
21.575,26.1,9.4,1016.5,300.0,2.6
120.225,27.2,8.9,1016.1,200.0,4.1
133.225,25.6,8.9,1015.9,250.0,1.5
89.4,25.6,8.9,1015.6,250.0,2.6
98.575,26.1,9.4,1015.6,160.0,3.1
100.625,25.0,8.9,1015.7,230.0,3.1
48.075,21.1,10.6,1016.1,160.0,2.1
9.4,15.0,10.6,1016.6,0.0,0.0
7.55,13.9,10.6,1016.3,140.0,1.5
5.925,12.8,10.6,1016.1,60.0,1.5
6.025,11.7,10.0,1016.0,100.0,2.1
5.425,13.3,10.6,1015.7,90.0,3.1
5.725,11.7,10.0,1015.4,70.0,2.6
5.275,12.2,10.6,1015.1,80.0,3.1
33.525,13.3,10.6,1015.0,70.0,2.6
70.325,12.8,10.6,1015.0,80.0,3.1
171.625,14.4,11.7,1014.7,90.0,3.1
165.6,20.0,13.3,1013.9,140.0,4.1
101.925,21.7,13.9,1013.5,150.0,5.1
119.975,22.8,15.0,1013.3,150.0,4.1
156.725,22.8,16.7,1012.9,180.0,3.1
144.3,25.6,17.2,1012.5,200.0,6.2
160.15,21.1,17.2,1012.4,200.0,5.1
156.8,21.7,15.0,1012.0,290.0,7.7
83.475,22.2,15.0,1012.0,290.0,2.6
69.6,22.8,15.0,1010.8,210.0,2.1
165.025,23.9,14.4,1010.7,280.0,3.6
68.125,25.0,13.3,1010.3,240.0,5.1
94.45,24.4,13.3,1010.6,270.0,5.7
88.35,21.7,13.9,1011.5,280.0,11.8
39.9,16.7,14.4,1011.6,290.0,4.6
7.775,16.7,13.3,1012.8,330.0,3.1
6.375,16.1,12.8,1013.5,310.0,2.6
5.75,15.0,12.8,1013.9,300.0,3.1
5.825,15.6,12.2,1014.4,290.0,5.7
5.875,14.4,12.2,1014.5,300.0,4.1
5.775,14.4,11.7,1014.6,300.0,6.7
5.625,14.4,11.1,1014.6,310.0,5.7
33.525,13.3,10.6,1015.4,300.0,4.6
69.8,12.8,10.6,1016.2,300.0,4.1
155.4,13.9,11.1,1016.5,310.0,3.1
155.55,14.4,11.1,1017.3,300.0,6.2
51.175,15.6,11.1,1017.9,290.0,5.1
10.55,17.2,10.0,1018.0,310.0,6.2
12.95,19.4,9.4,1017.6,310.0,6.2
16.0,21.1,8.9,1017.8,330.0,6.7
16.7,21.7,7.8,1017.5,320.0,8.8
15.5,23.9,8.3,1017.1,290.0,7.2
39.2,23.9,7.2,1016.8,290.0,7.7
85.325,24.4,7.8,1016.7,320.0,6.7
49.0,22.8,8.3,1017.0,310.0,6.2
89.975,21.1,8.9,1017.4,300.0,3.6
92.525,20.0,10.0,1017.7,350.0,1.5
41.475,18.3,10.0,1018.1,10.0,2.1
6.45,13.3,10.6,1018.8,0.0,0.0
5.375,12.2,10.0,1019.1,0.0,0.0
5.375,15.0,9.4,1019.0,280.0,1.5
5.525,12.2,9.4,1019.3,0.0,0.0
5.725,11.1,8.9,1019.1,0.0,0.0
5.9,9.4,8.3,1019.5,70.0,2.1
6.625,9.4,8.3,1019.4,70.0,2.6
69.875,8.3,7.8,1020.0,80.0,1.5
156.325,12.8,10.6,1020.1,0.0,0.0
116.575,17.2,11.7,1020.1,0.0,0.0
45.175,19.4,10.0,1020.2,200.0,1.5
24.15,21.1,10.0,1020.3,200.0,2.1
16.675,23.3,9.4,1020.2,310.0,5.1
34.125,24.4,10.0,1019.6,320.0,4.6
26.075,25.0,9.4,1019.4,300.0,6.2
18.875,25.0,9.4,1018.9,300.0,5.1
122.525,25.6,8.9,1018.5,290.0,5.7
75.9,25.0,8.9,1018.2,300.0,3.6
75.05,25.0,9.4,1017.8,320.0,3.1
145.9,24.4,9.4,1017.8,280.0,4.1
83.125,23.9,9.4,1017.5,270.0,5.1
86.075,22.8,10.0,1017.4,280.0,2.6
46.275,19.4,10.6,1017.5,330.0,1.5
7.775,16.1,10.0,1017.9,320.0,2.1
5.65,13.3,10.0,1018.2,100.0,1.5
5.3,12.2,10.0,1018.7,90.0,1.5
5.475,11.1,10.0,1019.0,60.0,1.5
5.625,11.1,9.4,1018.7,80.0,2.6
5.875,11.7,10.0,1018.4,70.0,3.1
6.55,11.1,9.4,1018.3,80.0,3.1
33.625,11.1,9.4,1018.4,70.0,3.1
145.45,12.2,9.4,1019.1,80.0,2.6
105.85,16.7,11.1,1019.0,80.0,1.5
38.95,20.6,12.2,1018.9,80.0,1.5
17.675,23.9,8.3,1018.5,80.0,1.5
19.525,25.0,8.9,1018.0,80.0,1.5
21.2,26.7,10.0,1017.2,200.0,5.1
24.1,28.3,10.0,1015.4,160.0,4.1
23.425,28.9,8.9,1014.7,150.0,6.7
29.225,28.9,9.4,1013.7,220.0,3.6
54.8,28.9,11.1,1013.3,190.0,4.6
96.0,28.3,12.8,1012.6,200.0,4.6
91.4,26.1,15.6,1012.3,190.0,4.6
90.25,24.4,15.6,1012.2,190.0,5.1
56.575,23.3,16.1,1011.7,200.0,5.1
25.9,22.2,17.2,1011.6,180.0,4.6
25.425,21.7,17.2,1011.6,170.0,3.1
23.85,21.1,17.8,1011.1,160.0,3.1
20.0,20.6,17.8,1010.5,170.0,3.6
12.475,20.6,17.8,1010.3,140.0,1.5
12.725,20.0,17.2,1009.6,0.0,0.0
12.85,19.4,17.2,1009.5,0.0,0.0
38.075,18.3,16.7,1009.5,0.0,0.0
73.425,16.1,15.6,1009.7,0.0,0.0
150.875,19.4,17.8,1009.3,0.0,0.0
152.275,21.1,17.8,1009.8,210.0,1.5
51.9,23.3,17.8,1010.0,310.0,2.1
33.05,25.6,17.8,1010.2,290.0,4.6
33.0,26.1,16.7,1010.0,260.0,5.1
37.525,27.8,16.7,1009.9,270.0,3.6
56.35,27.2,16.1,1010.0,290.0,4.1
29.1,30.0,16.7,1009.8,300.0,5.7
28.6,28.9,17.2,1009.6,320.0,4.1
38.025,28.9,17.2,1009.4,300.0,5.1
72.35,27.8,16.7,1009.4,310.0,5.1
97.075,27.8,16.1,1009.6,300.0,4.6
107.0,26.7,17.2,1010.2,350.0,2.6
59.375,21.7,16.7,1010.5,0.0,0.0
23.625,18.9,16.7,1011.1,0.0,0.0
15.85,17.8,16.1,1011.3,0.0,0.0
13.575,17.8,16.7,1012.0,0.0,0.0
6.775,16.7,15.6,1012.0,0.0,0.0
6.0,16.1,15.0,1011.8,0.0,0.0
5.825,16.1,15.0,1011.9,0.0,0.0
32.625,15.0,14.4,1012.7,80.0,1.5
69.15,14.4,13.9,1013.0,80.0,1.5
160.75,17.8,16.1,1012.9,0.0,0.0
127.525,21.7,17.8,1012.6,0.0,0.0
68.075,24.4,17.8,1012.6,180.0,2.1
35.125,26.1,17.2,1012.8,220.0,1.5
128.15,27.8,17.2,1012.7,280.0,3.1
93.975,28.9,17.2,1012.5,280.0,2.1
72.6,29.4,16.7,1012.0,300.0,3.1
30.725,30.6,17.2,1011.4,300.0,2.1
32.375,31.7,17.8,1011.0,300.0,1.5
32.225,31.7,16.7,1010.2,300.0,2.1
57.825,32.2,16.7,1009.4,330.0,4.1
86.85,32.2,16.1,1009.0,310.0,3.1
84.05,31.1,15.6,1009.3,330.0,1.5
84.675,27.8,17.2,1009.1,0.0,0.0
50.325,25.0,18.3,1008.9,50.0,1.5
33.35,21.7,17.8,1009.3,0.0,0.0
30.5,21.7,17.8,1009.7,0.0,0.0
23.6,18.9,17.8,1009.9,20.0,1.5
13.475,19.4,17.8,1009.4,60.0,2.1
13.975,18.9,17.8,1008.9,80.0,1.5
13.875,20.6,17.8,1008.2,70.0,2.1
41.375,20.0,17.8,1008.2,90.0,2.1
68.725,20.0,17.8,1008.2,80.0,2.1
136.9,21.1,18.3,1008.4,90.0,2.1
135.225,21.7,18.9,1008.9,0.0,0.0
129.3,20.6,20.0,1008.9,0.0,2.1
87.2,22.2,20.6,1009.6,0.0,2.1
66.075,25.0,20.6,1009.6,360.0,2.1
59.85,27.8,21.1,1008.8,360.0,3.1
62.1,28.9,20.6,1008.3,290.0,3.6
42.7,30.0,20.0,1008.0,310.0,3.6
36.975,30.6,19.4,1007.7,290.0,4.6
103.025,29.4,20.6,1008.0,10.0,4.1
76.5,28.3,20.6,1008.1,10.0,2.1
76.675,26.7,20.6,1009.0,310.0,2.1
61.625,24.4,19.4,1009.3,0.0,0.0
34.7,21.1,18.9,1009.7,0.0,0.0
33.1,19.4,18.3,1009.8,0.0,0.0
27.625,18.9,17.8,1010.4,0.0,0.0
20.025,18.3,17.8,1010.2,0.0,0.0
11.075,18.3,17.2,1009.7,70.0,1.5
8.9,18.3,17.8,1009.4,70.0,2.1
8.2,17.8,17.2,1009.1,70.0,1.5
34.55,17.8,17.2,1009.0,70.0,2.6
67.2,17.2,16.7,1009.9,0.0,0.0
121.7,18.9,17.8,1010.1,70.0,1.5
106.0,20.6,18.9,1010.0,80.0,2.1
48.775,25.0,19.4,1009.8,230.0,1.5
38.7,26.7,20.0,1009.8,210.0,3.1
58.1,27.8,18.9,1009.6,210.0,2.6
56.575,26.7,19.4,1009.5,240.0,3.1
53.125,28.9,18.3,1009.1,240.0,2.6
80.55,28.3,17.8,1008.4,240.0,1.5
81.65,28.9,19.4,1008.2,320.0,4.1
145.9,28.3,18.9,1008.1,310.0,3.6
157.45,22.8,21.1,1008.1,320.0,7.7
152.65,23.9,21.7,1008.2,290.0,2.1
83.875,25.0,22.2,1008.1,290.0,2.1
88.35,24.4,21.1,1008.1,40.0,2.1
58.4,22.8,20.6,1007.8,80.0,2.6
31.55,21.7,20.0,1008.4,70.0,2.1
31.2,21.1,19.4,1008.2,90.0,2.6
30.45,20.6,19.4,1007.8,80.0,1.5
29.575,20.0,18.9,1007.7,80.0,2.1
22.525,20.0,19.4,1007.3,110.0,2.6
23.7,21.1,20.0,1007.1,170.0,2.1
24.85,21.7,20.0,1006.4,150.0,2.6
51.65,21.7,20.0,1006.7,0.0,0.0
87.3,21.1,20.6,1007.3,150.0,2.6
159.0,21.7,20.6,1007.6,170.0,2.6
154.55,22.8,21.1,1007.7,160.0,2.1
150.8,22.8,21.1,1008.2,230.0,3.1
44.025,25.0,19.4,1007.4,250.0,4.1
28.55,26.7,17.2,1007.2,270.0,4.6
27.85,27.2,17.8,1006.9,270.0,3.1
99.15,27.8,16.1,1006.7,280.0,5.7
127.5,25.6,15.0,1007.3,290.0,7.7
144.75,22.2,16.1,1007.9,300.0,4.1
85.55,23.3,16.1,1008.0,300.0,2.1
118.575,26.7,16.7,1007.1,310.0,4.1
110.25,26.1,15.0,1007.3,310.0,6.2
58.075,25.6,16.1,1008.1,310.0,3.1
78.15,23.9,12.8,1008.8,290.0,6.7
47.925,21.7,13.3,1009.3,300.0,6.2
18.2,21.1,13.9,1009.7,270.0,3.1
13.35,20.0,13.9,1010.1,280.0,3.6
12.1,19.4,14.4,1010.1,240.0,2.1
137.9,17.8,16.7,1011.8,320.0,4.6
138.6,16.7,16.1,1012.9,340.0,3.6
138.175,17.8,16.1,1013.3,300.0,5.7
60.475,17.8,16.7,1013.9,330.0,5.1
70.575,17.2,15.0,1014.5,310.0,7.2
84.55,17.8,15.6,1014.8,310.0,6.7
84.525,16.7,15.6,1015.5,330.0,5.1
139.0,17.2,15.0,1016.2,300.0,5.7
139.25,17.8,13.9,1016.4,330.0,5.1
140.325,19.4,14.4,1016.2,320.0,4.6
132.375,20.0,14.4,1016.3,330.0,3.1
66.9,20.6,14.4,1016.5,360.0,2.6
67.625,20.0,13.9,1016.7,20.0,1.5
35.525,16.7,13.9,1017.0,50.0,2.1
6.6,14.4,13.3,1017.7,80.0,2.1
6.1,12.2,11.7,1018.0,0.0,0.0
6.075,12.2,11.7,1018.6,80.0,1.5
5.975,12.8,12.2,1018.7,70.0,2.1
6.175,11.7,11.1,1018.7,80.0,2.1
6.525,10.6,10.6,1019.0,70.0,2.1
6.45,10.0,10.0,1019.3,70.0,1.5
33.075,11.7,11.1,1019.8,80.0,2.1
66.075,11.1,10.6,1020.2,70.0,2.1
139.475,12.8,12.2,1020.8,0.0,0.0
102.125,16.1,14.4,1020.6,0.0,0.0
55.5,18.9,15.0,1020.7,0.0,0.0
32.275,18.9,15.0,1020.8,0.0,0.0
15.675,21.1,14.4,1020.4,0.0,0.0
18.525,21.7,14.4,1020.4,260.0,2.6
19.15,22.2,13.3,1020.3,10.0,2.6
22.725,25.0,14.4,1020.9,270.0,3.6
21.2,25.0,14.4,1020.5,290.0,3.6
18.9,25.6,13.3,1019.9,280.0,4.1
28.175,26.7,8.9,1019.2,110.0,1.5
122.15,25.6,10.0,1019.1,20.0,2.1
81.15,25.0,9.4,1019.0,10.0,2.1
83.075,23.9,12.8,1019.1,0.0,0.0
41.95,17.8,13.9,1019.4,50.0,1.5
9.15,17.8,12.8,1019.7,80.0,2.6
8.525,16.1,12.8,1019.5,90.0,2.6
7.625,13.9,11.7,1019.4,90.0,1.5
6.35,14.4,12.2,1018.9,100.0,1.5
5.225,13.3,12.2,1019.2,0.0,0.0
5.55,13.9,12.2,1018.9,80.0,2.1
5.5,13.3,12.2,1018.6,70.0,2.1
29.25,13.9,12.2,1018.5,70.0,2.6
62.625,13.3,11.7,1019.1,70.0,2.1
141.425,15.0,12.8,1019.1,70.0,2.6
143.625,19.4,15.0,1019.3,90.0,1.5
108.9,21.7,15.0,1019.5,90.0,1.5
71.375,23.3,15.6,1019.1,180.0,2.6
43.325,25.6,16.1,1018.9,200.0,3.1
26.025,28.3,15.0,1017.9,220.0,3.6
26.1,30.0,14.4,1017.4,170.0,4.1
28.425,30.0,13.9,1017.2,290.0,4.1
38.725,29.4,14.4,1016.8,290.0,1.5
37.475,31.1,14.4,1016.0,290.0,2.6
50.725,31.1,14.4,1015.3,210.0,2.1
153.7,30.6,14.4,1015.1,190.0,3.1
88.1,28.9,15.0,1015.0,190.0,4.1
88.45,28.3,15.6,1014.9,170.0,3.6
32.925,25.0,16.1,1015.5,170.0,3.1
33.975,23.9,16.7,1015.7,170.0,3.6
34.1,23.9,17.2,1016.0,180.0,3.6
32.025,23.9,17.2,1016.3,180.0,4.1
22.725,22.8,17.8,1015.9,170.0,4.1
23.45,22.2,17.8,1015.7,160.0,5.1
24.525,21.7,17.8,1015.2,150.0,4.1
47.475,21.1,17.8,1015.3,160.0,4.1
80.225,21.1,17.8,1015.6,160.0,3.6
158.075,22.2,18.3,1015.9,160.0,1.5
67.575,25.6,19.4,1016.0,190.0,3.1
54.225,27.8,20.6,1015.6,210.0,3.6
54.3,29.4,20.6,1015.5,210.0,4.6
114.175,29.4,20.0,1015.3,220.0,5.1
88.175,30.6,20.0,1014.8,220.0,5.7
58.45,31.1,20.0,1014.3,170.0,5.1
36.7,32.2,20.6,1013.4,180.0,4.6
35.55,31.1,20.6,1013.2,200.0,5.1
156.1,31.1,20.0,1012.1,180.0,4.1
137.0,21.7,19.4,1014.3,320.0,9.8
76.625,23.3,21.1,1013.8,100.0,3.6
83.175,23.9,21.7,1013.5,80.0,2.6
62.85,23.3,20.6,1013.2,130.0,2.6
36.25,23.3,20.6,1013.2,160.0,3.1
36.5,23.9,20.6,1012.9,170.0,5.1
36.025,23.3,20.6,1013.0,170.0,4.1
35.85,22.8,20.6,1012.6,160.0,4.6
26.3,22.2,21.1,1012.5,160.0,4.6
25.925,21.7,20.6,1012.4,160.0,4.6
26.05,22.2,20.6,1011.8,160.0,4.1
49.875,22.2,20.6,1011.0,160.0,6.2
89.125,22.2,20.6,1011.4,170.0,4.1
153.9,22.8,21.1,1010.8,170.0,4.6
153.475,24.4,21.7,1010.9,180.0,5.1
84.6,26.7,21.1,1010.9,190.0,4.1
121.225,27.8,20.6,1010.6,200.0,5.1
122.975,28.3,19.4,1010.0,230.0,5.7
94.025,25.6,21.1,1009.6,210.0,4.1
72.8,25.0,20.6,1009.7,250.0,3.6
70.85,27.8,20.6,1008.8,230.0,5.1
76.85,29.4,18.9,1008.5,280.0,7.2
60.05,30.6,17.8,1007.8,280.0,4.6
147.575,30.6,17.2,1008.0,270.0,4.6
87.025,30.0,17.8,1008.4,260.0,5.1
89.325,29.4,17.2,1008.8,250.0,5.1
60.225,26.7,17.2,1009.0,250.0,3.1
34.575,27.2,16.7,1009.5,250.0,3.1
33.65,25.0,17.2,1010.0,270.0,4.1
25.825,20.6,17.2,1010.3,130.0,2.1
20.2,18.9,16.7,1010.7,0.0,0.0
10.4,18.3,17.2,1010.5,50.0,2.1
9.225,18.3,17.2,1010.2,90.0,1.5
9.9,17.2,16.7,1010.5,70.0,1.5
32.675,17.8,16.7,1010.7,0.0,0.0
59.075,17.2,16.7,1011.4,70.0,1.5
131.25,19.4,18.3,1011.8,0.0,0.0
128.675,22.2,18.9,1012.0,0.0,0.0
127.15,24.4,17.8,1012.3,240.0,2.6
104.0,25.6,17.8,1012.0,210.0,3.1
84.225,26.1,17.8,1012.0,190.0,3.1
58.3,27.2,16.7,1011.9,250.0,3.1
30.625,27.2,17.2,1011.2,250.0,3.1
34.35,30.0,16.1,1010.5,250.0,7.2
129.625,23.3,17.2,1011.8,320.0,5.7
51.875,27.2,17.8,1011.2,330.0,4.6
79.725,28.9,15.6,1011.0,330.0,6.7
73.65,28.3,13.9,1011.3,300.0,7.2
72.75,26.1,12.8,1011.9,300.0,7.2
49.55,23.3,12.8,1012.6,300.0,4.6
19.775,21.7,12.2,1013.8,310.0,4.1
16.35,20.0,15.0,1014.5,20.0,2.6
9.425,16.1,13.9,1015.2,0.0,0.0
6.75,15.0,13.9,1015.4,0.0,0.0
6.325,14.4,13.9,1015.6,350.0,1.5
6.025,14.4,13.9,1016.0,0.0,0.0
6.05,15.0,13.9,1015.9,60.0,1.5
29.525,13.3,12.8,1016.4,0.0,0.0
56.3,13.9,13.3,1017.0,0.0,0.0
109.25,18.3,15.0,1018.2,0.0,0.0
61.95,19.4,15.6,1018.5,310.0,2.6
63.525,20.0,15.6,1018.9,290.0,1.5
20.875,22.2,15.0,1019.1,200.0,2.1
23.925,24.4,15.6,1018.9,200.0,1.5
56.7,25.0,15.6,1018.7,0.0,0.0
74.65,24.4,15.6,1018.4,360.0,3.1
52.7,25.6,15.6,1017.9,360.0,2.1
52.275,26.1,15.6,1017.7,320.0,3.1
64.025,26.1,13.9,1017.5,350.0,2.1
70.2,24.4,15.6,1017.5,290.0,4.1
74.425,22.8,17.2,1017.8,300.0,3.1
49.975,21.1,17.8,1018.4,300.0,3.1
17.1,19.4,17.2,1019.7,290.0,3.6
14.125,17.8,17.2,1019.7,320.0,2.6
10.8,17.8,16.7,1020.1,320.0,2.1
9.775,17.2,15.0,1020.3,0.0,0.0
6.975,16.1,15.6,1020.0,0.0,0.0
6.45,16.1,15.0,1020.2,0.0,0.0
6.3,16.1,15.6,1019.7,0.0,0.0
30.3,14.4,14.4,1019.8,0.0,0.0
56.725,13.3,13.3,1020.4,70.0,1.5
108.65,15.0,14.4,1021.3,0.0,0.0
107.5,17.2,15.6,1021.5,0.0,0.0
73.25,18.3,16.1,1022.3,0.0,0.0
27.325,21.1,14.4,1021.6,0.0,1.5
18.575,22.2,14.4,1022.2,0.0,1.5
20.2,23.9,12.8,1021.6,300.0,4.1
23.925,25.0,12.8,1021.0,300.0,2.6
35.8,27.2,13.9,1020.7,360.0,3.6
51.1,26.7,13.9,1020.0,330.0,1.5
48.325,27.8,13.9,1019.9,330.0,2.1
49.425,28.9,13.9,1019.4,330.0,2.1
120.9,27.8,12.8,1019.2,240.0,2.6
69.675,28.3,13.3,1018.6,270.0,1.5
70.775,26.1,15.6,1018.5,0.0,0.0
48.55,20.6,15.6,1018.8,160.0,1.5
17.325,18.3,14.4,1018.7,130.0,2.1
13.475,22.8,12.8,1018.5,190.0,3.1
14.575,21.7,13.3,1018.4,160.0,2.6
11.3,21.7,13.9,1018.0,160.0,2.6
15.25,21.7,14.4,1017.7,200.0,1.5
15.4,21.1,14.4,1017.1,200.0,1.5
37.125,19.4,14.4,1017.1,0.0,0.0
67.4,21.1,16.1,1016.8,170.0,3.1
116.35,23.3,17.2,1016.9,180.0,3.6
112.65,23.3,17.2,1017.1,180.0,3.6
138.875,23.9,19.4,1018.2,210.0,2.6
124.825,22.8,20.0,1018.6,250.0,3.6
136.275,23.3,20.0,1016.8,200.0,2.6
140.225,25.0,20.6,1016.7,210.0,5.7
56.675,27.2,21.1,1015.8,210.0,5.1
153.875,24.4,21.1,1015.3,300.0,4.1
136.625,25.0,22.2,1014.9,190.0,5.1
102.975,26.1,18.3,1015.5,330.0,7.2
97.075,24.4,18.9,1015.7,360.0,2.1
98.4,23.3,18.9,1016.4,320.0,1.5
56.875,22.8,18.9,1016.9,290.0,3.1
27.975,22.8,16.7,1017.6,310.0,4.6
18.45,20.6,15.6,1018.6,320.0,3.1
12.05,18.9,13.9,1019.2,310.0,3.1
6.575,15.0,13.3,1019.4,0.0,0.0
5.7,15.6,12.8,1019.4,300.0,3.1
5.7,16.1,12.8,1019.4,310.0,2.1
5.7,16.7,12.2,1019.5,290.0,4.1
31.775,15.0,12.2,1020.2,290.0,3.6
58.075,16.1,12.8,1020.8,290.0,1.5
136.975,16.7,13.3,1021.3,310.0,2.1
136.975,17.8,13.9,1021.8,320.0,3.6
118.7,18.3,14.4,1022.0,250.0,4.1
25.375,19.4,13.9,1022.1,300.0,3.6
17.125,21.7,12.2,1022.4,280.0,5.7
20.925,23.3,11.7,1022.1,330.0,3.6
36.725,23.9,10.6,1022.0,330.0,6.2
18.85,25.0,10.6,1021.6,310.0,6.2
135.425,24.4,11.1,1021.6,320.0,5.1
16.45,23.9,11.1,1021.5,310.0,5.1
27.375,23.9,10.0,1021.4,320.0,6.7
80.1,23.3,10.0,1021.3,320.0,5.1
86.775,22.8,10.0,1021.5,310.0,7.2
88.0,20.6,11.7,1021.6,10.0,3.1
35.85,17.8,11.1,1022.0,10.0,1.5
6.125,13.3,11.1,1023.0,0.0,0.0
5.45,13.3,10.6,1023.6,0.0,0.0
5.25,12.2,10.6,1024.0,80.0,2.6
5.1,11.7,10.6,1024.2,70.0,2.6
5.175,11.1,10.0,1023.8,70.0,2.6
5.35,11.1,10.0,1023.7,70.0,2.6
5.9,10.6,9.4,1024.1,80.0,2.1
33.55,10.0,8.9,1024.7,80.0,2.1
58.45,10.0,9.4,1024.9,80.0,2.6
137.725,11.7,10.0,1025.0,80.0,2.1
125.0,15.0,11.7,1025.4,0.0,0.0
66.325,18.9,12.2,1025.4,320.0,2.6
29.475,20.6,12.2,1024.9,300.0,2.1
17.55,22.8,10.0,1025.0,290.0,4.1
20.65,23.9,8.9,1025.0,300.0,5.1
20.2,23.9,10.0,1024.9,260.0,5.1
20.725,24.4,9.4,1024.2,0.0,0.0
19.775,25.6,10.0,1023.4,330.0,4.1
36.45,26.7,10.6,1023.0,300.0,4.6
67.9,26.7,10.6,1022.5,270.0,5.7
107.625,26.1,10.6,1022.5,350.0,2.6
93.35,25.6,10.6,1022.2,350.0,1.5
93.325,23.3,12.2,1022.2,40.0,1.5
39.65,17.8,12.8,1022.1,40.0,1.5
7.9,15.6,11.7,1022.3,0.0,0.0
5.5,13.9,11.1,1022.5,0.0,0.0
5.525,12.8,11.1,1022.6,90.0,2.1
5.825,13.3,11.7,1022.8,70.0,2.6
5.575,12.8,11.1,1021.8,80.0,2.6
5.4,12.2,11.1,1021.4,60.0,2.6
5.1,12.2,10.6,1021.6,80.0,3.6
31.6,11.7,10.6,1022.2,70.0,2.6
57.55,11.7,10.6,1022.2,70.0,3.6
151.3,13.3,11.1,1022.4,70.0,2.6
129.0,17.2,12.2,1022.2,70.0,2.6
87.325,21.7,13.3,1022.2,0.0,0.0
51.3,24.4,11.1,1021.9,0.0,0.0
20.75,26.7,7.8,1021.6,0.0,0.0
21.75,28.3,9.4,1020.9,200.0,2.6
27.675,29.4,10.6,1019.3,200.0,2.1
27.225,31.1,10.0,1018.8,170.0,2.6
26.925,32.2,9.4,1018.0,210.0,3.1
73.3,32.8,9.4,1017.0,180.0,5.7
155.75,31.7,8.3,1016.4,200.0,5.1
96.375,30.6,9.4,1015.8,210.0,2.6
52.1,26.7,11.1,1015.6,230.0,1.5
19.5,19.4,12.8,1016.0,160.0,2.1
14.25,22.2,11.7,1015.2,170.0,2.1
15.775,21.1,11.7,1014.9,190.0,2.1
16.175,22.8,12.8,1014.2,150.0,3.1
12.7,24.4,13.9,1014.2,170.0,2.6
15.35,23.3,13.3,1013.5,160.0,3.6
22.375,24.4,15.0,1012.8,190.0,3.1
53.05,24.4,16.1,1012.7,220.0,3.1
81.125,24.4,17.2,1012.4,210.0,3.1
174.85,25.0,17.8,1012.4,230.0,3.1
172.975,26.1,18.9,1012.9,230.0,4.1
127.55,26.7,18.9,1013.0,250.0,3.1
147.475,27.8,20.0,1012.5,250.0,5.1
143.725,27.2,20.0,1012.6,270.0,4.6
129.325,28.9,20.6,1012.5,310.0,3.6
115.1,29.4,20.6,1011.8,300.0,4.6
96.575,31.1,20.0,1011.3,310.0,4.6
38.45,32.8,20.0,1010.9,310.0,6.7
38.075,33.3,19.4,1010.4,300.0,6.2
70.85,32.8,17.8,1009.9,290.0,7.7
123.575,32.2,19.4,1009.9,310.0,8.2
96.775,30.6,17.8,1010.0,300.0,6.2
95.925,28.9,17.8,1010.1,300.0,4.6
49.5,27.2,17.8,1010.3,270.0,3.6
36.175,25.6,18.9,1011.2,300.0,3.6
35.9,26.1,18.9,1011.2,270.0,5.1
35.725,25.0,18.9,1011.3,300.0,5.1
32.95,23.9,18.3,1011.6,310.0,3.1
26.1,22.2,17.8,1011.5,290.0,4.1
25.3,21.7,17.2,1011.6,280.0,2.6
24.275,20.0,16.7,1011.9,300.0,2.6
49.525,18.9,16.1,1012.2,270.0,2.1
63.825,19.4,15.6,1012.5,290.0,2.1
152.75,21.7,16.1,1012.5,300.0,1.5
144.275,23.9,16.1,1012.5,300.0,1.5
93.675,25.6,14.4,1012.3,290.0,5.1
56.375,27.8,13.9,1012.2,310.0,5.7
28.375,29.4,13.3,1012.3,300.0,7.7
28.85,30.0,13.9,1012.8,300.0,7.2
28.425,30.6,13.9,1012.9,300.0,9.8
29.225,31.1,13.9,1012.2,310.0,7.2
27.875,31.7,13.3,1012.1,310.0,7.7
30.5,31.1,14.4,1012.2,330.0,7.2
60.025,30.6,15.0,1011.9,320.0,7.2
120.1,30.0,15.0,1012.5,320.0,5.7
88.8,28.9,15.0,1013.0,350.0,5.7
86.75,27.2,13.3,1013.4,330.0,3.1
39.225,23.3,13.9,1013.5,20.0,1.5
21.1,19.4,13.9,1014.0,0.0,0.0
14.0,17.8,14.4,1014.4,0.0,0.0
9.3,17.2,14.4,1015.0,340.0,2.1
8.325,21.7,14.4,1015.0,350.0,3.1
6.075,18.3,14.4,1015.5,60.0,2.1
5.95,16.1,13.9,1016.1,70.0,1.5
6.15,14.4,13.3,1016.2,80.0,2.6
32.65,15.6,13.9,1016.0,70.0,2.1
47.15,15.0,13.9,1016.6,70.0,2.1
140.7,16.7,14.4,1017.2,80.0,2.1
141.725,18.9,15.6,1017.4,80.0,1.5
92.325,23.3,16.1,1017.3,0.0,0.0
39.4,25.6,15.0,1017.1,0.0,0.0
26.85,26.7,15.0,1017.1,290.0,2.1
27.975,28.3,14.4,1016.8,270.0,2.6
30.3,28.9,13.9,1015.9,270.0,3.1
43.05,30.6,14.4,1015.2,220.0,4.1
93.7,30.6,13.9,1015.0,220.0,4.1
101.65,31.1,14.4,1014.6,310.0,3.6
143.1,30.6,14.4,1014.4,20.0,2.1
159.725,29.4,14.4,1014.3,40.0,3.1
87.575,28.9,15.0,1014.3,30.0,2.6
88.35,26.7,15.6,1014.2,60.0,1.5
46.45,25.6,16.1,1014.6,60.0,2.6
31.0,23.9,16.7,1015.1,70.0,2.6
25.925,22.8,16.7,1014.8,70.0,3.1
19.55,20.6,16.1,1014.5,0.0,0.0
13.025,18.3,15.6,1014.0,130.0,1.5
7.625,18.3,15.6,1013.8,110.0,1.5
6.9,17.8,15.6,1013.7,80.0,2.6
6.025,17.8,15.6,1013.4,80.0,2.6
32.5,17.8,15.6,1013.7,70.0,2.6
46.975,17.8,15.6,1013.5,80.0,2.6
143.95,18.3,15.6,1013.4,80.0,2.6
153.625,22.8,17.2,1013.1,140.0,2.6
157.5,26.7,18.9,1012.8,180.0,3.1
155.025,26.7,18.9,1012.1,210.0,3.6
123.825,21.1,20.0,1015.1,280.0,3.6
37.475,22.8,21.1,1012.9,110.0,1.5
29.325,25.6,20.0,1012.5,210.0,2.6
117.6,27.8,19.4,1012.0,220.0,2.1
152.575,22.8,20.6,1013.5,290.0,4.1
150.975,21.7,21.1,1012.1,150.0,2.6
109.425,23.3,21.1,1011.8,180.0,2.6
128.775,24.4,21.7,1011.3,190.0,3.6
95.5,25.0,21.1,1011.6,200.0,4.1
98.075,23.3,21.1,1011.6,180.0,1.5
45.475,21.7,20.6,1011.6,170.0,3.1
31.25,21.1,20.0,1012.0,160.0,3.6
32.725,22.2,20.6,1012.4,210.0,2.6
30.5,20.6,20.0,1012.7,0.0,0.0
25.625,18.9,18.3,1012.8,0.0,0.0
17.375,17.8,17.2,1012.8,0.0,0.0
12.575,17.2,17.2,1012.9,0.0,0.0
9.6,17.2,17.2,1013.0,270.0,1.5
35.825,17.2,16.7,1013.4,0.0,0.0
47.7,16.1,15.6,1014.1,0.0,0.0
152.15,17.8,17.8,1014.3,0.0,0.0
149.375,21.1,18.3,1014.6,300.0,3.6
114.6,21.7,17.2,1014.9,320.0,7.2
55.7,22.2,16.1,1015.3,320.0,6.2
22.025,22.8,16.1,1015.6,290.0,5.7
24.225,24.4,16.7,1015.7,290.0,5.1
26.525,25.0,17.2,1015.5,270.0,5.1
28.725,25.6,16.7,1015.5,330.0,4.1
27.225,26.7,17.2,1015.4,310.0,5.7
26.8,26.7,16.1,1015.0,340.0,4.1
79.225,27.2,16.1,1014.6,310.0,5.1
121.775,27.2,15.6,1014.7,300.0,4.1
84.025,26.1,15.6,1014.5,330.0,4.1
87.15,24.4,16.1,1014.8,350.0,2.6
39.575,21.7,16.7,1015.1,20.0,2.1
17.95,19.4,17.2,1015.5,40.0,1.5
9.9,16.7,16.1,1015.5,0.0,0.0
7.225,16.1,15.6,1015.8,0.0,0.0
5.825,16.7,16.1,1015.9,70.0,2.6
5.9,16.1,15.6,1015.6,110.0,1.5
5.875,16.1,15.6,1015.4,70.0,2.1
5.525,15.0,14.4,1015.4,80.0,2.6
31.975,14.4,14.4,1015.5,80.0,2.1
47.075,14.4,13.9,1015.8,80.0,2.6
139.6,15.6,14.4,1016.3,80.0,2.1
134.25,18.9,16.1,1016.1,0.0,0.0
93.125,22.8,16.7,1016.3,250.0,2.1
56.675,24.4,16.1,1015.8,220.0,2.6
25.7,26.7,17.8,1015.9,340.0,4.1
27.6,27.2,16.1,1015.9,330.0,4.6
28.55,28.3,15.6,1015.5,270.0,3.6
28.95,29.4,15.0,1015.0,330.0,4.6
30.35,28.9,14.4,1014.9,330.0,3.1
30.6,30.0,15.6,1014.2,280.0,5.1
87.55,30.0,15.6,1013.5,330.0,4.6
126.45,29.4,16.1,1013.4,290.0,4.1
83.775,28.9,16.1,1013.4,330.0,2.1
83.325,26.7,18.3,1013.5,0.0,0.0
45.3,22.2,17.8,1013.6,70.0,1.5
25.45,20.0,17.2,1014.0,60.0,1.5
19.8,18.9,17.2,1013.6,70.0,2.1
15.4,18.3,16.7,1013.6,0.0,0.0
8.55,17.2,16.1,1014.1,70.0,1.5
6.85,18.3,16.7,1013.9,70.0,3.1
5.65,17.8,16.1,1013.9,80.0,2.6
5.625,17.2,16.1,1013.4,70.0,3.1
31.6,17.2,15.6,1013.4,70.0,3.1
45.95,16.7,15.6,1013.6,70.0,3.1
133.8,18.3,16.1,1013.9,90.0,2.1
132.325,19.4,16.7,1014.2,80.0,1.5
122.8,22.8,17.8,1014.3,0.0,0.0
109.1,25.6,17.2,1013.9,180.0,2.6
76.925,26.7,16.1,1013.8,0.0,0.0
82.425,28.3,15.6,1013.5,200.0,2.6
85.875,28.3,16.1,1013.3,300.0,1.5
83.0,28.9,16.1,1012.5,300.0,2.1
120.525,28.3,16.7,1012.1,300.0,3.6
128.575,28.3,18.3,1011.9,340.0,3.6
157.25,27.8,18.3,1011.9,340.0,3.6
155.75,26.7,18.9,1011.8,350.0,2.1
86.6,26.7,19.4,1012.0,0.0,0.0
89.775,24.4,20.0,1012.3,10.0,2.1
46.95,23.3,17.8,1012.1,30.0,2.6
31.775,22.2,17.2,1012.7,0.0,0.0
23.75,20.0,16.7,1012.4,0.0,0.0
18.525,18.9,16.7,1012.2,0.0,0.0
12.2,18.9,16.7,1012.2,40.0,1.5
11.425,18.3,16.7,1012.5,310.0,1.5
9.275,16.7,15.6,1012.2,0.0,0.0
33.1,15.6,15.0,1011.9,0.0,0.0
46.525,15.0,14.4,1012.4,0.0,0.0
138.525,16.7,15.6,1012.7,0.0,0.0
138.15,19.4,18.9,1013.2,310.0,2.1
126.325,20.6,19.4,1013.5,350.0,2.6
73.375,23.3,19.4,1013.6,350.0,2.6
28.325,25.0,19.4,1013.6,310.0,2.6
31.375,26.1,19.4,1013.2,310.0,4.1
32.4,28.9,17.8,1012.9,330.0,4.6
94.9,29.4,16.7,1012.6,360.0,4.6
56.675,27.8,16.7,1012.9,350.0,4.6
30.125,29.4,16.1,1013.0,330.0,4.1
72.45,28.3,16.7,1013.3,340.0,4.6
128.475,27.8,15.6,1013.5,360.0,5.1
83.775,26.7,15.0,1013.9,330.0,4.6
84.375,24.4,14.4,1014.4,350.0,3.1
38.225,22.2,13.3,1014.8,360.0,2.1
17.5,21.1,12.8,1015.5,350.0,1.5
13.675,17.8,13.9,1015.9,140.0,2.1
7.55,15.6,13.3,1015.8,0.0,0.0
6.6,15.6,13.3,1015.8,0.0,0.0
5.45,16.1,13.9,1015.9,60.0,2.1
5.8,14.4,12.8,1016.0,0.0,0.0
5.425,15.0,13.3,1016.0,60.0,2.1
32.05,14.4,13.3,1016.0,80.0,2.1
46.525,15.6,13.9,1016.5,40.0,2.1
136.575,16.1,14.4,1017.3,0.0,0.0
136.425,16.7,15.0,1017.4,90.0,1.5
135.225,17.8,15.6,1017.2,90.0,2.1
134.85,18.3,15.6,1018.0,300.0,1.5
119.75,17.2,16.7,1018.3,60.0,2.6
99.875,17.8,17.2,1018.9,320.0,1.5
74.2,20.0,17.8,1018.1,100.0,3.1
103.75,21.1,18.3,1017.8,100.0,1.5
128.675,21.7,17.8,1017.7,110.0,2.1
127.05,21.7,17.2,1017.4,110.0,1.5
127.1,20.6,17.2,1016.9,80.0,2.1
128.825,21.7,17.2,1017.0,70.0,2.1
70.325,21.7,17.2,1017.0,80.0,2.6
74.1,21.1,17.8,1017.5,110.0,2.1
32.125,20.0,17.8,1017.5,80.0,2.1
17.75,19.4,17.8,1017.9,60.0,1.5
17.225,19.4,17.8,1017.8,0.0,0.0
17.15,19.4,17.8,1017.2,90.0,2.1
14.1,19.4,17.8,1016.9,80.0,2.1
11.0,19.4,18.3,1016.2,90.0,2.6
12.475,19.4,18.3,1016.0,60.0,2.1
12.5,19.4,18.3,1015.7,70.0,2.1
39.0,18.9,18.3,1015.7,70.0,2.6
50.175,18.9,18.3,1016.2,70.0,2.6
128.7,18.9,18.9,1016.6,90.0,2.1
125.5,19.4,18.9,1016.8,80.0,3.1
125.875,20.0,18.9,1017.2,70.0,2.1
127.8,20.6,19.4,1017.0,90.0,2.6
117.4,22.8,19.4,1016.8,70.0,2.1
117.3,22.8,19.4,1017.0,130.0,2.1
99.475,22.2,20.0,1016.9,70.0,2.1
79.775,23.3,20.0,1016.6,90.0,2.6
118.075,22.8,19.4,1016.6,80.0,4.1
40.375,24.4,20.0,1016.3,100.0,4.1
71.95,25.6,20.0,1016.0,80.0,2.6
130.675,24.4,20.0,1015.9,60.0,2.1
83.45,24.4,20.0,1015.7,70.0,2.6
84.775,23.3,19.4,1016.2,80.0,1.5
44.5,21.7,19.4,1016.8,80.0,2.1
30.85,20.6,19.4,1017.3,90.0,3.1
31.325,21.1,19.4,1017.3,100.0,3.1
30.675,20.6,19.4,1017.4,0.0,0.0
26.625,21.1,19.4,1017.3,130.0,2.1
21.85,21.1,19.4,1016.9,120.0,1.5
21.475,21.1,19.4,1017.0,130.0,1.5
21.825,20.6,19.4,1016.7,90.0,1.5
49.2,20.6,19.4,1017.0,100.0,1.5
61.825,20.0,19.4,1017.2,90.0,2.1
137.925,20.0,19.4,1017.3,90.0,1.5
129.7,20.0,20.0,1017.7,0.0,0.0
129.9,21.1,20.0,1017.9,0.0,0.0
131.6,20.6,20.0,1017.6,290.0,2.6
66.55,22.2,20.6,1018.3,0.0,0.0
27.975,24.4,20.6,1017.8,0.0,1.5
30.2,25.6,20.6,1017.1,0.0,2.6
31.3,26.7,20.0,1016.9,0.0,2.6
31.925,27.8,19.4,1016.5,290.0,5.1
32.35,27.2,20.0,1016.3,280.0,6.2
97.3,26.1,18.9,1016.0,360.0,4.6
152.7,26.7,19.4,1016.4,340.0,4.1
92.7,25.0,19.4,1016.4,360.0,2.1
90.425,23.9,18.9,1017.0,10.0,3.1
40.825,22.8,18.9,1017.7,20.0,2.1
25.0,20.6,18.3,1018.2,0.0,0.0
19.125,17.8,17.2,1018.5,0.0,0.0
15.575,17.2,16.7,1018.3,0.0,0.0
10.675,17.0,17.0,1018.3,0.0,0.0
8.075,16.7,16.1,1018.1,0.0,0.0
8.725,17.8,17.8,1018.2,0.0,0.0
9.725,18.9,18.3,1018.4,320.0,2.6
36.0,18.3,17.8,1018.6,0.0,0.0
47.7,18.3,17.8,1018.9,0.0,0.0
132.65,18.3,18.3,1019.5,310.0,1.5
132.325,19.4,18.3,1019.5,330.0,2.1
130.25,20.6,18.3,1019.8,330.0,2.1
114.15,21.7,17.8,1019.8,340.0,3.1
72.275,22.2,17.8,1020.1,330.0,2.1
24.95,25.6,18.3,1019.8,280.0,5.1
57.825,25.6,17.2,1019.7,280.0,3.6
58.375,27.8,17.8,1019.1,340.0,4.1
67.025,26.1,17.2,1018.9,360.0,2.1
118.35,25.6,17.8,1018.7,0.0,0.0
106.275,27.2,17.2,1018.5,0.0,1.5
104.1,27.2,17.2,1018.6,60.0,3.1
74.9,24.4,17.8,1019.0,110.0,2.1
27.475,22.2,17.2,1019.9,110.0,3.1
22.05,21.1,17.2,1020.1,110.0,2.6
16.45,20.0,17.2,1020.3,140.0,3.6
12.775,20.0,17.2,1020.5,140.0,3.1
8.4,19.4,16.7,1020.4,130.0,3.6
8.0,19.4,16.7,1020.2,150.0,4.6
6.4,18.9,16.1,1020.3,130.0,2.1
17.6,17.8,16.1,1020.5,130.0,1.5
63.25,17.2,15.6,1020.7,120.0,1.5
117.0,18.3,16.1,1021.0,120.0,1.5
116.425,20.0,17.2,1021.5,150.0,2.6
132.325,19.4,16.7,1021.8,180.0,4.6
100.8,20.6,17.2,1021.8,170.0,3.1
85.775,21.7,17.2,1021.9,150.0,4.6
68.2,22.8,17.8,1021.8,190.0,4.6
43.425,24.4,17.8,1021.3,190.0,4.6
41.225,25.6,17.8,1020.6,190.0,5.1
41.675,26.1,17.8,1020.1,150.0,4.1
60.6,27.2,17.8,1019.4,180.0,5.1
131.175,25.6,17.2,1019.6,130.0,2.6
130.15,26.1,17.2,1019.3,160.0,4.6
88.15,25.6,17.2,1019.2,180.0,3.6
75.275,23.3,16.7,1019.4,170.0,1.5
42.55,22.2,16.7,1019.6,150.0,2.6
27.3,22.2,16.7,1019.7,160.0,3.1
24.45,21.7,16.7,1019.8,160.0,3.1
21.025,21.1,16.7,1019.8,150.0,3.6
14.75,20.6,16.7,1019.8,170.0,4.1
11.2,20.0,16.1,1019.6,170.0,4.6
10.975,20.0,16.1,1019.5,150.0,2.6
9.45,19.4,15.6,1019.4,160.0,3.6
34.65,18.9,15.6,1019.8,140.0,3.1
65.675,18.3,15.0,1020.1,140.0,2.6
118.575,19.4,15.6,1020.4,120.0,2.1
117.275,20.6,16.1,1020.4,150.0,5.1
107.075,21.7,16.7,1020.3,170.0,4.1
66.575,23.3,17.8,1020.3,190.0,3.6
24.825,25.0,18.3,1020.5,150.0,3.6
28.45,26.7,18.3,1020.0,130.0,3.6
31.4,28.9,18.9,1019.5,140.0,4.6
60.5,28.9,18.9,1018.8,150.0,4.1
58.75,29.4,17.8,1018.0,140.0,4.6
83.225,30.0,18.3,1017.6,150.0,5.1
105.075,29.4,17.8,1017.5,160.0,4.6
128.95,29.4,18.3,1016.9,160.0,5.7
107.125,27.8,17.8,1017.1,170.0,3.6
79.975,26.1,17.8,1016.9,170.0,3.6
47.9,23.9,17.2,1017.0,160.0,3.6
32.025,23.3,17.2,1017.1,160.0,3.6
30.775,22.2,16.7,1016.9,150.0,2.1
26.375,21.7,16.7,1016.6,150.0,4.1
17.35,21.1,16.7,1016.6,170.0,4.1
12.75,20.0,16.7,1016.6,160.0,3.1
12.2,20.0,16.7,1016.3,160.0,3.1
12.85,20.0,16.7,1016.0,170.0,3.6
39.025,18.9,16.1,1015.9,160.0,2.6
83.525,19.4,16.1,1015.9,170.0,4.6
137.5,20.0,16.7,1015.8,170.0,4.1
136.3,21.7,17.2,1015.5,170.0,4.1
106.5,22.8,17.2,1015.2,170.0,5.1
66.625,23.9,17.2,1015.0,170.0,3.6
30.875,25.0,17.8,1014.4,160.0,4.6
32.0,28.3,18.3,1013.4,170.0,6.7
33.475,29.4,18.9,1012.6,190.0,8.2
64.725,30.0,19.4,1011.4,180.0,6.7
64.175,30.0,20.0,1010.7,180.0,5.1
84.65,28.3,19.4,1010.0,170.0,5.7
121.525,28.9,19.4,1009.5,160.0,5.1
109.725,28.3,20.0,1009.1,190.0,6.2
82.075,26.1,20.0,1009.2,170.0,3.6
50.025,25.0,19.4,1009.3,170.0,4.1
35.225,24.4,20.0,1009.3,180.0,3.6
34.875,23.3,20.0,1009.3,170.0,4.6
34.525,23.3,20.0,1009.4,190.0,3.6
29.275,22.2,20.6,1008.5,180.0,3.6
24.925,22.2,20.6,1007.7,190.0,5.1
25.45,22.2,21.1,1007.5,200.0,3.1
95.425,21.7,21.1,1008.1,250.0,2.6
150.1,21.1,20.6,1008.4,0.0,0.0
142.65,21.7,20.6,1008.6,260.0,1.5
139.375,22.2,21.1,1008.9,290.0,3.1
40.375,22.8,20.0,1008.8,300.0,3.6
21.4,25.0,18.9,1008.8,280.0,4.1
27.325,26.1,18.3,1008.8,280.0,4.6
23.15,26.7,16.7,1009.0,290.0,6.7
55.5,27.2,15.0,1008.8,290.0,8.8
53.0,26.7,13.9,1009.0,300.0,8.2
63.875,27.2,15.6,1008.6,320.0,5.7
115.7,26.1,15.0,1008.7,330.0,5.7
103.0,25.0,14.4,1009.2,340.0,5.1
74.55,23.3,13.9,1009.7,360.0,2.1
33.9,20.6,13.3,1010.4,360.0,2.1
9.375,16.1,13.3,1011.2,0.0,0.0
6.75,15.0,13.3,1011.3,80.0,1.5
6.175,13.9,12.8,1011.7,0.0,0.0
5.75,13.3,12.8,1011.8,0.0,0.0
5.8,13.3,12.8,1011.6,0.0,0.0
6.075,12.8,12.2,1011.9,0.0,0.0
5.9,12.8,12.2,1011.9,0.0,0.0
32.425,12.2,11.7,1012.2,0.0,0.0
78.775,12.2,11.7,1012.9,0.0,0.0
134.775,15.0,13.9,1013.5,310.0,1.5
127.725,18.9,16.1,1013.5,310.0,1.5
90.65,20.6,16.1,1013.9,320.0,3.1
44.325,21.7,15.6,1014.1,290.0,4.1
24.6,23.3,15.6,1014.2,300.0,4.6
18.7,24.4,13.3,1014.3,290.0,6.2
20.725,26.1,12.8,1014.3,300.0,5.7
51.15,26.1,12.8,1014.5,300.0,5.1
56.775,27.2,12.8,1014.4,290.0,6.2
128.025,27.2,12.8,1014.3,280.0,5.1
128.425,27.2,13.9,1014.3,310.0,6.2
103.825,25.6,13.3,1014.5,340.0,6.2
102.85,25.0,12.2,1014.7,340.0,5.7
72.2,22.8,11.1,1014.9,350.0,2.6
133.175,12.2,11.1,1019.3,70.0,1.5
126.4,16.1,13.3,1019.8,0.0,0.0
77.225,18.9,14.4,1020.1,0.0,0.0
30.1,22.2,14.4,1020.0,220.0,2.6
17.25,23.9,11.7,1020.4,310.0,3.1
18.325,25.0,11.1,1020.2,310.0,1.5
19.175,25.6,9.4,1019.9,310.0,2.1
50.9,26.7,9.4,1019.7,310.0,1.5
52.05,27.2,10.0,1019.3,340.0,3.6
50.175,27.2,8.9,1019.0,310.0,2.6
78.75,27.2,9.4,1018.8,290.0,4.1
116.5,27.2,9.4,1018.8,280.0,3.6
107.2,26.1,9.4,1018.8,310.0,2.1
76.175,22.8,10.0,1019.2,10.0,1.5
24.775,17.8,11.7,1019.7,30.0,2.6
6.725,16.7,11.1,1020.4,70.0,2.6
4.95,16.1,10.6,1020.6,70.0,2.6
5.0,15.6,10.6,1020.9,80.0,2.6
5.1,15.0,10.6,1021.2,70.0,2.6
5.325,13.9,10.0,1021.4,70.0,3.1
5.2,13.3,10.0,1021.9,100.0,1.5
5.575,13.3,10.0,1021.8,70.0,1.5
31.775,13.9,10.0,1021.9,70.0,3.1
77.675,13.3,10.0,1022.1,70.0,3.1
138.25,14.4,10.6,1022.4,70.0,3.1
133.425,17.2,12.2,1023.1,80.0,2.6
77.275,21.1,13.3,1023.5,100.0,2.1
27.025,23.9,14.4,1023.0,160.0,4.1
20.425,26.7,13.9,1022.7,170.0,3.1
22.25,28.3,11.7,1022.4,160.0,4.6
26.625,29.4,10.6,1021.6,150.0,5.7
70.45,30.0,11.7,1021.2,200.0,4.1
69.925,31.1,12.8,1020.7,160.0,6.2
69.2,30.6,15.0,1019.8,200.0,6.7
120.225,30.6,15.6,1019.7,170.0,5.1
142.25,28.9,15.6,1019.6,180.0,4.6
100.3,27.8,16.7,1019.3,180.0,6.7
71.95,26.7,17.2,1019.0,170.0,5.7
46.675,25.6,16.7,1019.5,160.0,3.6
33.075,25.0,16.7,1019.9,170.0,4.1
32.675,24.4,17.2,1019.7,170.0,4.1
32.2,23.9,17.2,1019.8,170.0,4.6
25.4,23.3,17.8,1019.9,170.0,3.6
23.975,20.6,19.4,1020.1,150.0,3.6
22.675,21.1,19.4,1019.2,150.0,3.6
23.7,21.1,19.4,1018.7,140.0,5.1
47.975,20.6,20.0,1019.7,190.0,2.1
91.95,20.6,20.0,1019.5,110.0,2.1
140.65,20.6,20.0,1019.9,110.0,2.1
139.325,21.1,20.6,1020.1,150.0,3.1
140.175,22.2,21.1,1020.2,170.0,3.1
113.95,23.9,21.7,1019.7,190.0,2.6
65.7,23.9,21.7,1019.9,190.0,3.1
47.05,26.7,21.7,1019.9,220.0,3.6
38.975,27.2,21.7,1019.3,220.0,4.6
56.475,28.9,22.2,1019.2,250.0,2.1
131.65,29.4,21.7,1019.0,220.0,3.1
54.325,31.1,22.2,1018.5,240.0,3.6
126.775,30.6,21.7,1018.2,0.0,0.0
151.05,31.1,21.7,1018.1,270.0,2.6
109.1,30.0,21.1,1018.1,340.0,2.1
93.15,27.2,23.3,1018.6,140.0,1.5
52.05,26.1,22.8,1019.0,110.0,1.5
36.975,25.6,22.8,1019.1,150.0,3.6
36.9,25.0,22.8,1019.1,150.0,3.6
36.375,25.0,22.2,1018.8,170.0,2.6
30.55,23.3,21.7,1018.6,190.0,2.1
28.325,22.2,21.1,1018.6,170.0,2.1
28.175,21.1,20.6,1018.6,0.0,0.0
27.975,21.7,20.6,1018.6,0.0,0.0
54.05,21.1,20.6,1018.9,0.0,0.0
84.625,19.4,18.9,1019.2,0.0,0.0
142.15,21.7,21.1,1019.3,140.0,1.5
141.325,25.0,22.2,1019.7,0.0,0.0
111.075,25.6,21.7,1019.8,210.0,1.5
60.45,27.2,21.1,1019.4,280.0,2.1
32.25,28.9,20.6,1018.7,210.0,1.5
32.45,29.4,20.6,1018.7,300.0,2.6
35.125,31.1,18.3,1018.0,310.0,2.1
76.875,31.7,20.0,1017.0,310.0,1.5
124.575,31.7,20.6,1016.4,310.0,1.5
124.525,30.6,20.6,1015.7,360.0,1.5
124.075,26.7,23.3,1016.2,150.0,3.1
123.95,26.1,23.9,1015.8,220.0,3.6
95.625,25.6,23.9,1015.6,230.0,2.1
65.1,24.4,22.8,1015.7,190.0,3.6
50.15,23.3,22.2,1015.7,210.0,2.6
33.575,22.8,21.1,1016.2,190.0,2.6
32.575,22.8,20.0,1014.9,190.0,3.6
31.775,21.7,20.0,1014.5,170.0,2.6
26.8,22.2,20.6,1013.9,170.0,4.6
25.175,22.2,20.6,1013.2,160.0,4.1
25.425,22.2,20.6,1012.9,170.0,3.1
25.725,22.2,21.1,1012.8,180.0,3.1
37.525,22.8,21.1,1012.9,180.0,2.1
119.75,23.9,21.1,1013.1,190.0,2.1
105.275,24.4,21.7,1013.1,180.0,4.1
119.5,25.6,22.2,1013.0,210.0,4.1
94.7,27.2,22.8,1012.6,200.0,4.6
97.575,28.3,23.3,1012.5,210.0,5.1
45.2,30.0,23.9,1012.1,210.0,3.6
43.4,30.6,23.9,1011.3,230.0,4.6
69.45,31.7,23.3,1010.6,260.0,5.7
110.45,31.7,22.2,1010.0,260.0,6.2
95.975,32.8,22.2,1009.8,250.0,5.7
112.275,31.7,22.8,1009.9,260.0,4.6
142.975,29.4,23.9,1009.9,280.0,2.1
108.3,29.4,23.9,1010.4,300.0,2.6
76.95,28.9,22.8,1010.9,230.0,3.1
51.475,27.8,22.2,1011.4,220.0,3.1
36.6,27.2,21.7,1012.0,220.0,3.6
36.7,26.7,21.7,1012.2,210.0,4.1
36.4,25.6,21.7,1011.9,180.0,1.5
30.5,22.8,21.7,1012.2,0.0,0.0
29.0,25.0,21.7,1012.3,220.0,2.1
29.5,23.9,21.7,1011.8,0.0,0.0
29.35,23.9,21.7,1011.8,0.0,0.0
54.775,22.2,21.1,1012.1,0.0,0.0
97.15,24.4,21.7,1012.2,150.0,1.5
145.075,25.0,21.7,1012.6,170.0,1.5
141.975,25.6,21.7,1012.6,200.0,3.1
145.05,26.7,22.8,1012.6,180.0,3.1
118.125,28.3,23.3,1012.4,180.0,2.6
70.225,29.4,23.3,1012.0,180.0,2.1
78.2,31.7,23.3,1011.6,210.0,5.1
36.725,30.6,24.4,1010.7,200.0,4.1
67.225,32.8,22.8,1009.9,230.0,5.1
74.45,33.9,22.8,1009.1,210.0,6.2
158.55,33.9,23.3,1008.8,210.0,6.2
157.25,26.1,22.8,1010.0,210.0,6.2
153.8,25.0,22.8,1010.0,170.0,2.1
116.275,26.7,22.8,1010.1,180.0,3.1
91.1,25.6,23.3,1010.2,0.0,0.0
50.65,23.9,21.1,1011.7,10.0,2.1
35.35,22.2,21.1,1012.9,310.0,3.6
34.9,21.7,21.1,1011.9,110.0,2.1
34.55,22.8,21.1,1012.1,180.0,4.6
28.8,22.8,21.1,1011.4,190.0,3.1
27.575,23.3,21.1,1011.3,180.0,4.6
28.45,23.3,21.1,1011.7,190.0,4.1
28.25,23.3,21.1,1011.6,190.0,3.1
53.425,23.3,21.1,1011.9,200.0,3.6
96.075,22.8,21.1,1012.8,200.0,3.1
156.775,23.3,21.1,1013.5,190.0,2.1
151.95,23.9,21.1,1013.8,200.0,3.1
151.675,24.4,21.7,1014.0,210.0,2.6
116.8,25.0,22.2,1014.2,210.0,2.6
107.175,26.1,21.7,1014.8,260.0,5.1
94.425,26.1,21.7,1015.1,260.0,3.6
106.025,24.4,22.2,1015.2,330.0,4.6
137.85,23.9,22.8,1015.7,300.0,2.1
152.4,25.0,22.2,1015.8,280.0,3.6
147.775,24.4,20.6,1015.9,300.0,3.1
153.275,25.6,21.1,1016.2,270.0,2.1
152.55,26.1,20.6,1016.6,300.0,2.6
111.225,25.0,21.1,1016.8,0.0,0.0
84.625,23.9,20.6,1017.3,0.0,0.0
47.7,22.2,20.6,1017.6,320.0,2.1
32.475,20.6,20.0,1018.2,0.0,0.0
31.95,19.4,18.9,1018.7,0.0,0.0
30.175,19.4,18.9,1019.5,0.0,0.0
22.65,18.3,17.8,1019.7,0.0,0.0
16.1,18.3,17.8,1019.4,0.0,0.0
12.75,18.3,18.3,1019.7,310.0,1.5
12.775,19.4,18.9,1020.2,0.0,0.0
41.15,20.6,19.4,1020.8,290.0,2.1
84.275,20.6,19.4,1021.2,0.0,0.0
141.925,20.0,19.4,1022.2,320.0,2.1
131.15,20.0,19.4,1022.5,310.0,1.5
121.925,21.1,18.9,1022.6,300.0,2.1
100.775,21.1,18.3,1023.1,0.0,0.0
65.6,22.2,18.3,1023.8,0.0,0.0
78.2,22.8,17.8,1023.9,300.0,2.1
100.25,23.3,18.3,1024.0,300.0,2.1
68.225,23.9,18.9,1023.8,270.0,2.6
101.875,23.9,18.3,1023.5,250.0,2.1
152.375,24.4,17.8,1023.1,330.0,1.5
150.8,23.9,17.8,1022.8,340.0,1.5
150.95,23.9,18.9,1022.4,0.0,0.0
109.95,23.3,20.0,1022.6,0.0,0.0
94.95,21.7,20.0,1022.6,70.0,1.5
57.35,20.6,18.3,1022.8,70.0,2.1
27.5,21.1,18.9,1023.0,100.0,2.1
26.25,20.6,18.3,1023.3,80.0,1.5
24.55,20.6,18.3,1023.3,80.0,2.1
19.225,20.0,18.3,1022.5,80.0,1.5
16.45,20.0,17.8,1022.1,70.0,2.1
16.225,20.0,17.8,1021.6,90.0,1.5
18.45,20.6,17.2,1021.4,110.0,1.5
43.825,20.6,17.8,1021.4,110.0,1.5
88.65,20.0,18.3,1021.3,80.0,1.5
148.975,21.1,18.3,1021.3,90.0,1.5
141.75,21.7,18.9,1020.8,90.0,1.5
139.525,22.8,20.0,1020.3,120.0,2.6
127.025,22.8,20.0,1019.7,130.0,3.1
79.075,23.9,20.6,1019.4,170.0,5.7
74.4,25.6,21.7,1018.6,190.0,6.2
129.5,26.1,21.7,1017.8,180.0,4.6
103.05,26.7,22.2,1017.0,160.0,4.1
68.525,30.0,22.2,1015.2,190.0,6.2
78.875,30.0,22.2,1014.1,180.0,7.2
94.225,30.6,21.7,1013.5,200.0,7.2
168.475,30.0,22.2,1012.9,190.0,6.2
144.725,27.8,22.2,1012.5,170.0,7.7
103.575,26.7,21.7,1011.8,180.0,5.7
36.425,23.0,22.0,1011.8,220.0,7.0
164.6,18.0,16.0,1011.8,320.0,7.7
158.925,18.3,15.6,1019.5,310.0,3.1
124.05,20.0,16.1,1019.9,310.0,4.6
98.275,20.0,16.7,1019.9,310.0,4.1
60.05,20.6,16.7,1020.6,290.0,2.6
25.7,21.7,16.7,1020.4,290.0,2.1
26.95,22.2,17.2,1019.8,260.0,3.1
22.75,22.8,17.2,1019.4,300.0,2.1
20.675,24.4,17.2,1018.7,300.0,2.1
18.925,25.0,17.2,1018.0,0.0,0.0
94.575,25.6,16.7,1017.5,0.0,0.0
118.6,25.6,17.2,1017.2,30.0,1.5
77.075,24.4,18.9,1017.0,0.0,0.0
79.775,21.7,19.4,1017.3,100.0,1.5
38.975,20.0,18.3,1017.5,70.0,2.1
21.35,19.4,17.8,1017.5,80.0,2.1
20.15,18.9,17.2,1017.3,80.0,2.6
19.325,17.8,16.7,1017.0,100.0,1.5
7.625,17.8,16.7,1017.0,90.0,2.6
5.875,17.2,16.7,1017.0,130.0,1.5
5.6,16.7,16.1,1016.9,70.0,1.5
5.275,17.2,16.1,1016.7,0.0,0.0
33.425,16.7,15.6,1016.6,100.0,1.5
49.9,18.3,16.1,1016.8,160.0,1.5
107.825,18.9,16.7,1017.1,150.0,2.6
114.675,20.0,16.7,1017.2,180.0,3.6
95.425,21.7,17.8,1017.3,200.0,3.6
45.5,23.3,18.3,1017.1,250.0,2.1
56.475,23.9,18.9,1016.9,310.0,2.1
42.725,25.6,18.9,1016.5,320.0,3.1
25.9,26.1,18.3,1016.0,300.0,2.6
54.85,27.2,19.4,1015.7,300.0,2.6
56.4,27.8,19.4,1015.3,280.0,5.1
77.225,27.2,20.0,1015.1,320.0,4.1
43.95,21.0,18.0,1015.1,340.0,2.6
23.575,19.0,18.0,1015.1,320.0,2.1
134.45,14.0,14.0,1015.1,80.0,2.1
133.475,16.0,16.0,1015.1,80.0,2.6
85.8,19.0,18.0,1015.1,100.0,2.1
38.725,22.0,19.0,1015.1,100.0,1.5
22.65,24.0,17.0,1015.1,100.0,1.5
22.975,25.0,16.0,1015.1,0.0,0.0
23.25,25.0,16.0,1015.1,310.0,3.1
64.75,27.0,16.0,1015.1,0.0,0.0
71.3,28.0,16.0,1015.1,310.0,3.1
89.375,28.0,15.0,1015.1,300.0,2.1
144.6,28.3,12.2,1013.8,330.0,2.1
120.075,26.7,16.1,1013.6,0.0,0.0
79.75,21.1,17.2,1013.9,60.0,1.5
39.8,18.9,16.7,1014.3,80.0,2.1
14.35,19.0,16.0,1014.3,100.0,2.6
8.825,18.3,16.1,1014.0,70.0,2.1
8.1,18.3,16.1,1013.8,70.0,2.6
5.675,17.8,15.6,1013.9,80.0,2.1
5.475,16.7,15.0,1014.0,70.0,2.1
5.85,16.7,15.0,1014.1,80.0,1.5
5.325,16.1,14.4,1014.0,0.0,0.0
33.15,17.2,15.6,1013.6,90.0,2.1
92.575,16.1,15.0,1013.4,100.0,2.1
148.75,17.2,15.6,1013.3,120.0,1.5
149.025,20.6,16.7,1013.6,170.0,2.6
124.425,22.8,17.2,1013.4,190.0,4.1
48.175,25.0,18.3,1012.9,170.0,4.6
28.525,26.7,18.9,1012.5,170.0,3.6
32.45,27.8,19.4,1012.3,160.0,2.6
32.725,28.9,20.6,1011.4,170.0,4.6
76.475,30.0,20.6,1011.0,160.0,6.2
124.85,28.9,19.4,1010.6,170.0,3.6
146.125,25.6,18.9,1010.7,170.0,3.1
106.2,28.9,20.6,1010.0,150.0,4.6
159.8,28.3,20.0,1010.0,160.0,4.6
123.95,27.8,20.0,1009.7,160.0,4.6
85.85,25.6,19.4,1009.7,170.0,3.6
50.95,24.4,18.9,1010.0,130.0,2.6
33.025,23.9,18.9,1010.0,150.0,5.1
32.775,23.9,18.3,1010.0,150.0,4.6
31.275,23.3,17.8,1009.6,150.0,6.2
23.375,22.8,18.3,1009.5,150.0,5.1
24.15,22.2,18.9,1009.0,150.0,7.7
24.175,22.2,18.9,1008.5,150.0,6.2
25.1,22.2,18.9,1008.4,160.0,5.7
49.675,21.7,19.4,1007.8,160.0,5.7
106.575,21.7,19.4,1007.6,150.0,5.7
164.35,22.2,4.402398350029464,1007.7,160.0,7.7
156.75,22.8,19.4,1008.0,150.0,6.7
151.5,22.8,19.4,1007.9,160.0,6.2
124.175,23.3,19.4,1007.6,150.0,6.7
105.925,23.3,19.4,1007.6,170.0,7.7
98.7,21.7,20.0,1007.9,160.0,4.1
94.475,20.6,20.0,1008.1,180.0,3.1
130.75,19.4,18.9,1008.9,300.0,3.1
149.6,20.6,19.4,1008.6,0.0,0.0
138.25,21.7,20.0,1008.9,0.0,0.0
151.85,22.2,19.4,1009.1,290.0,2.1
149.05,21.7,19.4,1009.6,260.0,2.1
108.125,20.6,17.2,1009.9,290.0,2.1
66.425,18.3,17.2,1010.6,0.0,0.0
25.525,16.1,15.6,1011.3,0.0,0.0
6.625,15.0,15.0,1011.7,0.0,0.0
5.325,15.6,14.4,1012.0,0.0,0.0
6.125,16.7,15.0,1012.6,300.0,3.1
5.425,15.6,14.4,1013.1,300.0,2.6
5.4,16.1,15.0,1013.3,320.0,2.6
5.05,16.7,15.6,1013.7,320.0,2.6
5.3,17.2,15.6,1014.1,310.0,3.6
31.65,16.1,14.4,1014.7,310.0,5.1
90.1,16.1,13.9,1015.4,320.0,3.6
145.65,15.0,11.1,1016.8,340.0,3.1
145.95,15.6,11.1,1017.6,340.0,3.6
148.425,15.6,11.1,1018.8,350.0,4.6
72.825,16.7,11.1,1019.6,330.0,5.7
17.225,18.3,11.1,1020.0,350.0,5.1
8.625,18.3,8.9,1020.7,310.0,6.2
10.175,19.4,8.3,1021.1,310.0,6.7
53.675,20.6,8.9,1021.1,330.0,5.7
54.2,20.6,8.9,1021.1,330.0,6.2
60.125,20.6,9.4,1021.2,260.0,4.6
79.475,21.1,9.4,1021.3,310.0,4.6
133.075,20.0,9.4,1021.5,340.0,4.1
105.7,19.4,9.4,1021.6,320.0,1.5
62.45,15.0,12.2,1022.0,70.0,1.5
20.975,13.3,11.7,1022.9,40.0,1.5
5.625,12.2,11.1,1023.6,70.0,1.5
5.75,10.6,10.0,1024.1,80.0,2.1
5.825,10.6,10.0,1024.5,0.0,0.0
5.85,10.6,10.0,1024.4,70.0,1.5
6.55,10.6,10.0,1024.7,80.0,2.1
6.8,10.6,10.0,1025.2,80.0,2.6
29.4,9.4,8.9,1025.6,70.0,2.1
85.3,9.4,8.9,1026.2,70.0,2.1
140.925,9.4,8.9,1026.8,80.0,2.6
140.7,12.8,11.1,1027.4,90.0,1.5
89.825,16.7,12.8,1027.2,0.0,0.0
31.8,20.0,12.8,1027.3,0.0,1.5
14.675,21.1,12.2,1027.2,290.0,1.5
16.8,22.8,13.3,1026.6,290.0,3.1
19.575,23.3,12.8,1026.3,280.0,3.6
47.3,24.4,12.8,1025.9,0.0,0.0
47.8,25.0,12.8,1025.6,250.0,2.6
58.95,25.6,13.9,1025.1,250.0,3.1
84.225,25.6,12.8,1024.7,250.0,2.6
133.4,25.6,13.3,1024.5,200.0,2.6
101.8,24.4,12.8,1024.3,220.0,3.1
71.275,19.4,15.0,1024.5,0.0,0.0
24.85,16.1,13.9,1024.7,0.0,0.0
7.075,15.0,13.9,1025.0,0.0,0.0
6.2,15.0,13.3,1025.2,80.0,2.1
6.1,15.6,13.3,1025.3,80.0,2.6
5.95,15.0,13.3,1025.4,70.0,2.6
6.225,14.4,12.8,1025.0,70.0,3.1
6.425,13.9,12.2,1024.7,80.0,2.6
6.3,13.9,12.2,1024.5,70.0,3.1
29.975,13.3,12.2,1024.4,70.0,3.1
71.525,13.3,12.2,1024.8,80.0,2.6
128.55,13.3,12.2,1025.6,80.0,2.6
123.225,15.6,13.3,1025.8,80.0,2.6
82.375,20.0,15.0,1025.5,110.0,2.6
47.3,22.8,16.1,1025.1,160.0,2.6
21.775,25.0,16.7,1024.7,200.0,2.6
22.85,26.1,16.7,1023.9,220.0,4.6
23.4,27.2,17.2,1023.0,170.0,5.1
38.325,27.8,17.2,1022.1,170.0,5.7
38.775,28.3,17.2,1021.2,160.0,5.7
51.45,28.3,16.1,1020.7,190.0,6.2
71.825,28.3,16.7,1020.4,160.0,5.7
113.25,27.8,16.7,1019.9,170.0,4.6
81.1,26.1,16.1,1019.8,160.0,4.6
69.575,23.9,16.1,1019.6,150.0,4.1
40.975,23.3,16.1,1019.8,160.0,4.6
23.65,22.8,16.1,1019.5,160.0,4.6
20.925,21.7,16.7,1019.5,170.0,4.1
109.875,21.0,18.0,1019.5,170.0,5.1
107.025,20.6,18.3,1016.4,170.0,5.1
108.275,21.1,18.9,1016.3,170.0,4.1
103.15,20.6,19.4,1016.0,170.0,4.1
71.4,23.3,21.1,1016.0,190.0,4.1
61.725,24.4,21.1,1016.0,200.0,4.6
95.025,24.4,21.1,1016.0,200.0,3.1
95.6,24.4,21.1,1016.0,200.0,4.1
93.925,25.0,21.7,1016.0,210.0,2.1
83.475,27.2,22.2,1016.0,180.0,1.5
106.125,28.9,22.2,1016.0,190.0,3.6
120.3,28.3,22.8,1016.0,110.0,2.1
75.5,26.7,22.8,1016.0,0.0,0.0
53.825,24.4,22.2,1016.0,0.0,0.0
51.275,22.8,21.1,1016.0,120.0,1.5
36.55,22.8,21.7,1016.0,0.0,0.0
30.6,21.7,21.1,1014.4,100.0,2.1
24.875,21.7,21.1,1014.3,330.0,4.1
23.65,21.1,20.6,1014.2,330.0,1.5
24.4,22.8,21.1,1014.6,280.0,3.1
47.375,22.2,20.6,1015.0,310.0,2.1
86.475,22.2,20.6,1015.8,290.0,2.6
104.65,21.7,21.1,1017.5,320.0,3.1
113.475,22.2,21.1,1018.3,310.0,4.1
64.15,22.8,20.6,1018.7,310.0,4.6
28.3,23.3,19.4,1018.9,290.0,4.1
29.325,25.0,19.4,1019.0,290.0,3.1
67.425,26.7,18.3,1019.0,290.0,4.1
68.45,27.2,17.8,1018.8,290.0,4.1
82.025,27.8,18.3,1018.4,300.0,4.1
104.3,27.8,17.8,1018.3,310.0,2.6
151.675,27.2,18.3,1018.3,280.0,3.1
118.925,26.7,18.9,1018.4,290.0,2.1
79.325,23.3,18.9,1018.9,330.0,2.6
44.1,22.2,18.9,1019.8,360.0,3.1
25.8,19.4,17.8,1020.7,0.0,0.0
17.225,18.3,17.8,1020.9,0.0,0.0
9.275,16.7,16.1,1021.3,0.0,0.0
6.375,16.1,15.6,1021.8,0.0,0.0
5.875,16.7,16.1,1021.7,80.0,2.1
6.3,16.1,15.6,1021.9,0.0,0.0
6.25,16.1,15.6,1022.0,70.0,2.6
29.35,15.6,15.6,1022.5,70.0,2.1
85.725,16.1,15.6,1023.0,110.0,1.5
143.35,14.4,13.9,1023.4,0.0,0.0
142.55,17.8,16.7,1023.8,0.0,0.0
128.5,20.0,18.3,1023.8,0.0,2.1
43.6,21.1,17.8,1024.0,0.0,0.0
23.7,23.3,18.3,1024.1,0.0,1.5
22.425,24.4,17.2,1023.9,0.0,0.0
22.55,25.0,18.3,1023.2,0.0,0.0
65.75,27.2,16.7,1022.8,0.0,1.5
67.725,27.2,16.1,1022.3,340.0,1.5
81.9,28.9,16.7,1021.7,0.0,0.0
104.075,28.9,16.7,1021.5,70.0,2.6
151.075,28.3,17.2,1021.5,50.0,2.1
120.825,25.6,19.4,1022.3,0.0,0.0
82.375,22.2,18.9,1022.7,90.0,2.6
43.05,21.1,18.3,1023.0,90.0,2.1
26.15,20.6,18.3,1023.1,80.0,2.6
22.175,20.0,17.8,1022.8,80.0,2.1
13.25,17.2,16.1,1022.6,90.0,1.5
13.75,19.4,16.7,1022.0,0.0,0.0
13.15,20.0,17.2,1022.0,150.0,2.6
13.5,18.9,16.7,1022.1,120.0,1.5
35.575,20.0,16.7,1022.3,140.0,3.1
90.6,20.6,16.7,1022.6,160.0,4.6
149.95,20.6,16.7,1023.1,160.0,4.6
149.775,21.7,17.8,1023.2,160.0,4.6
150.275,22.8,18.3,1023.4,170.0,4.1
82.9,23.9,18.9,1023.1,170.0,4.1
25.675,26.1,20.0,1022.8,180.0,4.1
32.225,27.8,20.6,1022.3,170.0,4.1
34.55,29.4,21.7,1021.7,200.0,3.6
79.0,30.6,20.6,1021.2,220.0,4.1
134.575,30.6,20.6,1020.6,170.0,2.6
166.925,30.6,21.1,1019.9,190.0,3.6
161.975,25.0,22.8,1020.5,160.0,3.1
160.475,25.0,22.8,1020.3,160.0,1.5
120.6,25.6,21.7,1019.7,180.0,2.6
84.125,25.0,21.1,1019.6,170.0,2.6
49.875,22.8,21.7,1020.3,60.0,2.1
34.725,22.2,21.7,1020.5,80.0,1.5
30.55,21.1,20.6,1021.2,0.0,0.0
23.8,21.1,20.6,1021.0,0.0,0.0
24.55,22.8,21.1,1021.0,330.0,5.1
23.55,21.7,19.4,1021.1,330.0,2.6
22.225,21.1,17.8,1021.3,320.0,3.1
42.775,20.0,17.2,1021.6,320.0,2.6
93.975,19.4,17.2,1022.0,340.0,3.1
147.525,19.4,17.8,1022.8,330.0,4.1
130.45,19.4,17.8,1023.4,330.0,3.6
109.15,20.0,17.8,1023.8,330.0,3.6
38.925,21.7,17.2,1023.9,310.0,4.1
13.775,22.8,17.2,1023.9,320.0,3.6
19.525,22.8,18.3,1023.9,280.0,4.1
21.325,22.8,16.7,1023.8,290.0,4.1
50.225,25.0,16.7,1023.3,290.0,4.6
48.725,25.0,16.1,1022.9,320.0,5.1
52.1,25.0,16.1,1022.4,20.0,4.6
86.65,24.4,16.1,1022.3,10.0,4.1
135.875,23.9,15.6,1022.5,360.0,4.1
97.65,22.2,15.0,1022.4,20.0,3.1
67.3,18.9,14.4,1022.9,30.0,1.5
23.15,15.6,14.4,1023.4,0.0,0.0
6.675,14.4,13.9,1023.6,0.0,0.0
6.05,13.9,13.3,1023.5,50.0,1.5
6.225,12.8,12.2,1023.5,70.0,2.1
6.175,13.3,12.8,1023.3,0.0,0.0
5.95,12.2,11.7,1022.8,0.0,0.0
6.725,12.2,11.7,1022.8,80.0,2.6
6.65,11.7,11.7,1022.8,80.0,2.1
32.95,11.1,11.1,1023.2,80.0,2.1
74.8,11.1,10.6,1023.2,70.0,2.1
133.1,11.1,11.1,1023.6,70.0,2.6
146.875,13.3,12.2,1023.3,80.0,2.1
108.175,17.8,15.0,1023.1,0.0,0.0
41.475,20.6,15.6,1022.7,150.0,2.1
17.475,22.2,12.8,1022.6,220.0,1.5
19.55,23.3,13.3,1021.9,160.0,2.1
20.075,24.4,11.7,1021.3,0.0,0.0
61.0,25.6,12.2,1020.6,30.0,1.5
61.175,26.1,13.3,1020.0,30.0,2.1
69.275,26.7,12.8,1019.1,30.0,2.1
145.05,25.6,13.9,1018.5,0.0,0.0
101.8,22.2,17.8,1018.3,60.0,1.5
71.875,19.4,16.7,1018.1,60.0,2.1
26.325,17.8,15.6,1018.2,80.0,2.1
8.75,17.8,15.0,1018.2,80.0,2.6
6.4,17.2,15.0,1017.8,80.0,2.1
6.025,16.1,14.4,1017.2,80.0,2.1
6.175,15.6,13.9,1017.2,80.0,2.1
5.925,15.6,13.9,1016.8,80.0,3.1
5.95,16.1,13.9,1016.7,80.0,2.6
5.75,15.6,14.4,1016.4,70.0,2.1
32.1,16.1,14.4,1016.2,70.0,2.1
74.0,16.1,14.4,1015.5,90.0,2.1
131.9,16.1,15.0,1015.6,140.0,1.5
131.425,18.3,16.1,1015.8,60.0,1.5
145.1,19.4,16.1,1015.8,0.0,0.0
103.45,20.6,17.2,1015.4,0.0,0.0
89.175,21.1,17.8,1015.4,0.0,0.0
91.375,22.2,18.3,1015.4,0.0,0.0
92.525,21.7,17.2,1015.2,250.0,2.1
96.775,22.2,18.3,1014.5,190.0,2.6
110.675,22.8,17.2,1014.5,180.0,2.6
114.275,23.3,17.8,1014.5,190.0,3.6
115.4,23.3,17.2,1014.5,210.0,3.6
113.975,23.9,17.8,1014.5,210.0,2.1
69.175,22.8,17.8,1014.5,200.0,2.1
71.2,19.4,17.8,1014.5,140.0,1.5
31.7,18.3,17.2,1014.5,0.0,0.0
18.2,18.3,17.2,1014.5,0.0,0.0
15.075,18.9,17.8,1014.5,160.0,1.5
13.85,19.4,17.2,1014.5,340.0,3.1
9.875,18.3,17.2,1014.5,60.0,1.5
9.2,17.8,17.8,1012.1,0.0,0.0
8.375,17.8,17.2,1012.0,320.0,2.1
34.375,16.7,15.6,1012.5,330.0,1.5
47.5,15.0,14.4,1013.0,320.0,3.1
104.525,13.3,12.8,1013.8,0.0,0.0
104.425,15.6,14.4,1014.4,0.0,0.0
121.65,17.2,14.4,1014.5,0.0,2.1
37.7,18.9,13.9,1014.7,330.0,3.1
11.475,20.6,13.3,1015.0,330.0,3.1
15.175,21.7,13.3,1014.7,350.0,3.6
26.375,21.7,13.3,1014.8,320.0,5.1
68.025,21.1,13.9,1015.0,340.0,5.1
88.275,21.1,12.8,1015.0,340.0,5.1
86.025,20.6,12.2,1015.0,340.0,3.1
87.05,21.1,11.7,1015.4,350.0,5.1
123.525,20.0,12.2,1015.9,340.0,4.1
86.3,18.3,12.8,1016.5,350.0,4.1
45.55,17.8,13.3,1017.3,340.0,4.6
22.375,17.2,13.3,1018.0,330.0,2.6
6.2,15.0,13.3,1018.3,330.0,2.1
6.275,13.3,11.7,1018.8,0.0,0.0
6.375,11.7,11.1,1019.0,350.0,1.5
6.125,13.9,12.2,1019.0,300.0,2.6
6.3,15.0,13.9,1018.9,330.0,2.6
7.925,12.0,12.0,1018.9,0.0,0.0
34.725,12.8,12.8,1019.8,310.0,1.5
89.85,13.3,12.8,1020.6,0.0,0.0
127.525,11.1,10.6,1021.4,0.0,0.0
133.15,15.0,14.4,1021.7,340.0,2.1
114.525,15.6,13.3,1021.9,10.0,2.1
30.175,17.2,13.9,1022.2,320.0,3.6
9.525,18.9,14.4,1022.6,290.0,5.7
11.35,20.0,14.4,1022.7,290.0,6.2
11.425,20.6,12.8,1022.8,320.0,4.1
54.375,20.6,11.7,1022.8,300.0,5.1
75.925,21.1,12.2,1022.7,340.0,4.6
89.875,20.0,11.7,1022.7,330.0,4.1
85.75,19.4,12.2,1022.4,330.0,3.1
142.125,20.6,12.2,1022.3,360.0,3.6
107.0,18.3,11.7,1022.4,350.0,4.1
63.825,16.1,11.7,1023.0,360.0,3.1
21.275,15.0,11.1,1023.3,30.0,2.1
5.825,11.1,10.0,1024.0,0.0,0.0
9.525,10.0,9.4,1024.2,0.0,0.0
9.775,9.4,8.9,1024.3,0.0,0.0
9.65,8.3,7.8,1024.5,70.0,1.5
10.15,8.3,7.8,1024.2,0.0,0.0
6.775,8.9,8.3,1024.3,0.0,0.0
33.875,8.3,7.8,1024.5,70.0,2.1
88.075,8.3,7.8,1024.7,50.0,2.1
145.7,7.8,7.8,1024.8,0.0,0.0
144.05,10.0,10.0,1025.4,0.0,0.0
124.175,12.0,12.0,1025.4,0.0,0.0
36.0,13.9,11.7,1025.4,0.0,0.0
9.05,17.8,12.8,1025.2,350.0,2.6
10.9,19.4,13.3,1025.0,300.0,3.6
12.975,20.6,13.3,1024.7,300.0,3.6
55.925,21.1,11.7,1024.3,300.0,3.6
56.875,22.2,12.2,1023.6,290.0,4.1
74.85,22.2,12.2,1023.1,280.0,4.6
101.175,22.2,12.8,1022.8,310.0,4.1
148.475,21.7,11.7,1022.8,350.0,3.1
105.4,20.0,11.7,1022.6,350.0,3.1
65.325,16.1,11.1,1023.4,340.0,2.1
5.8,11.1,10.6,1024.1,120.0,1.5
8.925,10.0,9.4,1024.1,80.0,1.5
9.65,9.4,8.9,1024.3,70.0,2.1
9.5,9.4,8.9,1024.4,70.0,2.6
10.05,9.4,8.9,1024.6,80.0,2.6
6.675,9.4,8.9,1024.4,70.0,2.6
6.7,9.4,8.9,1024.6,80.0,2.1
33.75,9.4,8.9,1025.1,80.0,1.5
89.275,8.9,8.3,1025.3,100.0,1.5
146.775,9.4,8.9,1025.8,0.0,0.0
146.85,11.1,10.0,1026.4,80.0,1.5
125.075,14.4,12.2,1026.7,0.0,0.0
36.375,17.8,13.3,1026.8,0.0,0.0
16.5,20.0,13.3,1026.9,0.0,0.0
19.125,22.2,13.9,1026.5,0.0,1.5
20.675,23.9,13.9,1026.2,0.0,0.0
62.625,23.9,13.9,1025.9,270.0,2.1
62.325,25.6,13.9,1025.1,90.0,2.6
83.1,26.1,12.8,1024.6,100.0,3.1
110.45,26.1,13.3,1024.4,80.0,2.6
158.925,25.6,14.4,1024.5,70.0,2.1
114.025,23.3,16.1,1024.8,0.0,0.0
70.275,17.2,14.4,1025.0,80.0,2.1
22.95,16.1,13.9,1025.2,70.0,1.5
6.475,14.4,12.8,1025.3,70.0,1.5
9.725,16.1,13.9,1025.4,70.0,2.1
9.625,13.9,12.8,1025.5,0.0,0.0
8.925,15.0,13.9,1025.0,70.0,3.1
9.7,14.4,13.3,1024.8,80.0,2.1
5.875,13.9,13.3,1024.9,80.0,2.6
7.025,13.3,12.8,1024.9,80.0,2.6
33.55,12.8,12.2,1025.0,80.0,2.6
87.9,12.8,12.2,1025.1,70.0,3.1
145.7,12.8,12.2,1025.7,70.0,3.1
145.8,14.4,12.8,1026.0,70.0,2.6
42.625,21.7,15.6,1025.5,110.0,1.5
23.7,23.9,16.1,1025.0,50.0,1.5
21.475,25.6,16.1,1024.4,50.0,2.6
22.3,27.2,15.6,1023.5,300.0,4.1
65.45,27.2,13.9,1022.7,300.0,2.1
64.925,27.2,15.0,1021.9,280.0,4.6
84.35,27.2,13.3,1021.2,10.0,3.6
110.75,27.2,13.9,1020.8,320.0,2.6
159.575,26.1,15.0,1020.8,330.0,3.1
117.575,24.4,15.0,1020.9,360.0,2.1
74.2,18.9,15.6,1021.2,10.0,2.1
31.05,20.6,15.0,1021.2,30.0,3.1
8.475,15.0,13.3,1021.5,0.0,0.0
9.55,13.3,12.2,1021.3,80.0,1.5
9.6,13.3,12.2,1021.1,60.0,1.5
8.725,12.8,11.7,1021.2,0.0,0.0
9.425,13.9,12.8,1020.9,80.0,2.1
6.875,10.6,10.0,1020.7,60.0,1.5
6.825,10.6,10.0,1020.2,0.0,0.0
33.225,10.6,10.6,1020.2,70.0,2.1
89.775,11.7,11.1,1020.7,80.0,1.5
146.4,11.1,10.6,1021.2,70.0,2.1
145.475,13.9,13.3,1021.6,0.0,0.0
114.75,17.8,15.6,1021.4,0.0,0.0
39.9,20.0,16.1,1021.2,0.0,0.0
21.6,22.8,16.7,1020.9,0.0,0.0
22.075,23.9,17.2,1020.9,290.0,2.6
23.425,26.1,15.0,1020.5,330.0,2.6
65.05,26.7,14.4,1020.0,310.0,2.1
65.325,27.2,15.0,1019.7,330.0,3.6
85.025,27.2,15.0,1019.4,330.0,3.6
111.925,27.2,15.0,1019.0,350.0,2.6
158.8,26.7,15.6,1018.6,20.0,2.6
117.95,25.0,16.7,1018.7,0.0,0.0
73.7,19.4,16.1,1019.0,60.0,2.1
28.8,17.8,16.1,1019.2,60.0,2.1
8.375,17.8,15.0,1019.1,70.0,2.1
9.95,17.2,15.0,1018.6,100.0,1.5
9.475,16.7,14.4,1018.4,70.0,2.6
9.2,15.6,13.9,1018.1,70.0,2.6
9.775,15.0,13.3,1018.1,70.0,2.1
6.55,14.4,12.8,1018.1,80.0,2.6
7.0,13.3,12.2,1018.4,80.0,2.6
33.775,13.9,12.2,1018.2,70.0,2.6
89.275,13.9,12.2,1018.0,70.0,2.6
147.875,13.9,12.2,1018.8,90.0,2.6
144.85,15.6,13.3,1018.7,70.0,2.6
127.55,19.4,16.1,1018.3,90.0,2.6
49.025,23.3,17.8,1018.1,140.0,2.6
28.075,27.2,17.2,1017.7,170.0,2.6
25.775,28.0,17.0,1017.7,170.0,1.5
30.025,29.4,17.8,1017.7,170.0,2.6
54.175,30.0,18.3,1017.7,170.0,2.1
43.5,30.0,19.4,1017.7,320.0,3.1
54.05,30.6,20.0,1017.7,50.0,2.6
106.375,30.6,19.4,1017.7,80.0,2.1
131.25,30.0,19.4,1017.7,30.0,2.1
87.55,25.6,20.6,1017.7,0.0,0.0
75.55,23.9,18.3,1017.7,120.0,2.1
39.525,23.3,18.9,1017.7,90.0,1.5
29.575,23.9,18.3,1017.7,0.0,0.0
33.2,22.8,17.8,1017.7,90.0,1.5
29.275,21.1,18.3,1017.7,70.0,2.1
24.9,20.6,18.9,1013.9,80.0,2.1
23.1,20.0,18.9,1013.8,70.0,3.1
18.2,20.0,18.9,1013.4,80.0,2.1
13.825,20.0,18.9,1013.2,70.0,2.1
42.625,19.4,18.3,1012.7,80.0,2.1
64.625,18.3,17.8,1012.3,0.0,0.0
122.575,18.9,18.3,1012.7,100.0,1.5
136.525,21.7,20.0,1012.9,130.0,1.5
134.775,24.4,21.1,1012.4,170.0,2.1
79.65,26.7,21.7,1012.2,200.0,3.6
59.3,28.3,22.8,1011.7,210.0,4.6
63.175,29.4,22.8,1011.3,250.0,5.1
65.25,30.0,22.8,1010.7,220.0,5.7
88.675,30.0,21.7,1009.8,220.0,5.1
133.425,31.7,21.1,1008.6,230.0,6.2
162.825,30.6,20.6,1008.2,220.0,4.1
152.5,22.8,21.7,1009.9,0.0,0.0
151.525,23.9,22.2,1010.2,180.0,2.1
109.9,22.8,22.2,1010.2,0.0,0.0
75.65,23.3,22.2,1009.9,110.0,1.5
41.575,22.8,22.2,1009.9,0.0,0.0
34.475,22.8,22.2,1010.2,230.0,2.1
37.975,22.8,22.2,1010.5,250.0,2.6
34.575,22.8,22.2,1010.5,190.0,1.5
31.525,22.8,22.2,1010.7,0.0,0.0
31.2,22.2,21.7,1011.0,0.0,0.0
27.7,22.8,21.7,1011.1,260.0,2.1
27.975,22.2,21.7,1011.5,320.0,2.1
53.925,22.2,21.7,1012.6,290.0,2.1
100.9,22.2,21.7,1012.9,330.0,2.6
152.075,21.7,20.0,1013.4,20.0,1.5
146.55,21.7,20.0,1013.8,350.0,2.1
143.0,22.2,20.0,1014.1,0.0,0.0
108.55,23.3,20.6,1014.3,0.0,0.0
54.3,23.9,20.0,1014.5,50.0,1.5
86.55,23.9,19.4,1014.9,340.0,1.5
96.275,24.4,19.4,1014.8,0.0,0.0
138.75,24.4,20.0,1014.9,250.0,1.5
153.675,25.0,20.0,1014.8,250.0,1.5
154.425,24.4,19.4,1014.7,230.0,1.5
153.125,25.0,20.0,1014.6,220.0,2.1
152.6,26.1,20.6,1014.8,180.0,2.6
110.4,23.9,20.6,1015.3,200.0,2.1
71.625,22.2,20.0,1016.0,160.0,1.5
36.25,20.0,19.4,1016.8,0.0,0.0
28.9,20.6,20.0,1016.8,0.0,0.0
24.725,18.9,18.3,1016.6,0.0,0.0
19.4,18.9,18.3,1016.6,80.0,1.5
16.625,19.4,18.9,1016.5,0.0,0.0
13.15,19.4,18.9,1015.8,110.0,2.1
13.725,19.4,18.9,1015.6,0.0,0.0
40.475,20.0,18.9,1015.4,80.0,1.5
86.75,20.0,18.9,1015.2,100.0,2.6
142.125,20.0,18.9,1015.4,90.0,1.5
138.775,20.6,19.4,1015.2,140.0,3.1
139.15,21.7,20.6,1015.2,150.0,3.1
102.575,21.7,20.6,1014.9,160.0,4.1
98.9,24.4,21.1,1014.3,170.0,5.7
40.325,26.7,21.7,1013.8,200.0,4.6
31.05,27.8,21.7,1013.1,170.0,6.7
75.75,27.8,21.7,1012.8,220.0,4.6
75.325,29.4,22.2,1011.9,170.0,5.1
95.8,29.4,21.7,1011.4,180.0,4.6
138.0,29.4,22.2,1010.8,170.0,6.2
163.45,28.9,21.7,1010.2,180.0,4.6
119.8,28.3,21.1,1009.6,170.0,4.1
79.4,27.2,21.1,1010.1,160.0,5.1
44.65,27.0,21.0,1010.1,160.0,4.1
36.4,26.1,20.6,1010.3,180.0,3.6
38.575,25.6,20.6,1010.1,180.0,4.6
33.925,25.6,20.6,1009.3,200.0,3.6
32.975,25.0,21.1,1008.6,180.0,5.1
32.375,23.9,21.1,1008.7,190.0,3.6
28.425,22.8,21.1,1009.4,250.0,2.6
14.125,18.9,16.1,1011.1,320.0,9.8
33.775,16.7,16.1,1012.8,320.0,4.6
83.075,15.6,14.4,1013.8,270.0,3.1
139.925,15.6,15.0,1014.3,220.0,3.6
137.5,16.7,15.0,1015.5,260.0,3.6
139.0,17.2,15.0,1016.5,290.0,5.1
76.325,17.8,13.9,1017.5,300.0,7.7
10.575,18.9,12.8,1018.6,290.0,8.2
11.325,20.0,11.1,1019.2,300.0,8.2
12.15,20.0,10.0,1019.8,330.0,7.7
53.4,20.6,8.9,1020.0,310.0,5.1
52.425,20.0,8.3,1019.9,350.0,6.2
71.525,20.6,8.9,1020.2,310.0,4.6
98.25,20.6,8.9,1020.4,340.0,3.6
140.675,20.0,8.9,1020.8,320.0,2.6
97.625,17.8,10.0,1021.2,20.0,1.5
58.15,14.4,10.6,1022.0,50.0,2.1
15.225,12.2,10.6,1022.7,50.0,2.1
5.775,11.7,10.0,1023.0,150.0,2.1
8.925,10.0,8.9,1023.4,80.0,2.1
9.55,9.4,8.9,1023.3,80.0,2.1
9.85,9.4,8.9,1023.3,70.0,2.1
10.0,9.4,8.9,1023.3,70.0,3.1
6.625,9.4,8.9,1023.6,80.0,2.1
6.875,8.9,8.3,1023.5,70.0,2.6
33.725,8.9,8.3,1023.7,70.0,2.1
83.225,8.3,7.8,1024.2,80.0,2.6
139.875,8.3,7.8,1024.7,80.0,2.6
138.775,10.0,8.9,1025.2,80.0,2.6
121.725,14.4,11.1,1025.6,150.0,2.1
36.475,17.8,11.7,1025.5,200.0,2.6
13.7,20.0,11.1,1025.5,210.0,3.6
27.05,21.1,11.1,1025.2,220.0,2.6
53.425,22.2,10.6,1024.6,200.0,5.1
61.0,22.8,10.0,1024.1,200.0,2.1
60.625,23.3,8.9,1023.4,0.0,0.0
82.075,23.3,8.9,1022.6,250.0,4.1
118.075,23.3,9.4,1022.4,240.0,3.1
148.25,23.3,9.4,1022.2,0.0,0.0
98.8,21.7,11.1,1022.2,0.0,0.0
58.2,14.4,11.1,1022.5,110.0,1.5
15.575,13.3,10.6,1022.8,90.0,2.1
5.2,12.8,10.0,1022.5,110.0,1.5
8.65,15.0,8.9,1022.3,140.0,1.5
8.725,10.6,8.9,1022.1,0.0,0.0
8.725,10.0,8.9,1022.1,90.0,1.5
9.275,10.6,8.9,1022.0,120.0,2.1
5.7,11.1,8.9,1021.9,130.0,2.1
5.375,10.6,8.9,1022.0,120.0,1.5
32.875,10.6,8.9,1022.1,90.0,3.1
80.675,10.6,8.9,1021.8,100.0,2.6
138.15,10.6,8.9,1021.8,110.0,2.6
138.45,15.6,10.6,1022.0,150.0,3.1
128.875,17.8,11.1,1021.6,160.0,4.6
39.075,20.0,12.2,1021.5,190.0,4.1
22.575,22.2,13.9,1021.1,220.0,3.1
22.275,24.4,15.0,1020.6,220.0,2.1
25.125,26.1,15.6,1019.6,170.0,4.1
64.575,27.2,15.0,1018.7,240.0,6.7
65.1,27.2,15.0,1018.3,230.0,6.2
91.625,27.8,15.6,1018.0,210.0,4.1
113.7,27.8,15.6,1017.4,200.0,4.1
153.925,27.8,14.4,1017.2,230.0,5.1
111.725,26.7,15.0,1017.4,230.0,3.1
72.1,20.6,15.6,1017.8,0.0,0.0
31.6,17.8,15.6,1018.3,0.0,0.0
16.15,16.7,14.4,1018.5,0.0,0.0
11.575,15.6,14.4,1018.5,0.0,0.0
9.525,15.6,14.4,1018.4,0.0,0.0
9.3,14.4,13.3,1018.3,0.0,0.0
9.375,13.3,12.8,1017.8,0.0,0.0
6.25,13.9,13.3,1017.7,0.0,0.0
5.95,14.4,13.3,1017.6,170.0,1.5
32.875,16.1,13.3,1017.7,190.0,2.6
81.475,14.4,12.8,1018.0,0.0,0.0
137.975,14.4,13.3,1018.5,0.0,0.0
138.5,17.2,15.0,1019.0,0.0,0.0
104.975,20.6,15.0,1019.1,220.0,2.1
68.8,21.7,16.1,1019.6,290.0,3.1
76.675,22.2,17.8,1019.7,300.0,3.6
83.55,20.6,16.7,1020.1,320.0,5.1
73.275,19.4,15.6,1020.7,320.0,6.2
78.3,19.4,14.4,1020.8,310.0,5.1
97.25,20.6,13.9,1020.5,330.0,6.2
98.475,19.4,12.2,1020.9,330.0,8.8
91.4,18.9,13.9,1021.1,350.0,4.1
90.2,17.8,12.2,1022.1,360.0,4.6
48.775,16.7,12.2,1022.8,360.0,2.6
49.775,13.9,11.7,1023.2,20.0,2.1
16.55,12.8,11.1,1023.9,350.0,2.6
6.275,10.6,10.0,1024.4,20.0,1.5
10.4,10.0,9.4,1024.5,20.0,2.6
10.125,11.1,9.4,1025.1,30.0,1.5
10.375,8.9,7.8,1025.6,260.0,1.5
10.325,6.7,6.7,1026.0,0.0,0.0
7.15,6.1,6.1,1026.1,0.0,0.0
6.975,6.1,5.6,1026.4,20.0,1.5
34.7,5.0,4.4,1026.5,70.0,1.5
45.75,4.4,4.4,1026.8,70.0,1.5
92.325,5.0,5.0,1027.4,70.0,2.6
126.025,6.7,6.1,1027.7,0.0,0.0
103.725,9.4,8.3,1028.3,0.0,0.0
25.8,12.8,8.3,1028.6,0.0,1.5
8.9,15.0,7.2,1028.2,0.0,2.1
9.05,16.7,7.8,1027.7,0.0,2.1
9.825,18.3,7.2,1027.2,120.0,2.1
50.75,18.9,6.1,1026.7,120.0,3.1
50.6,19.4,4.4,1025.8,0.0,0.0
79.25,20.6,4.4,1025.1,30.0,2.6
111.45,20.6,6.1,1024.9,0.0,0.0
147.45,19.4,9.4,1024.9,320.0,2.1
100.35,16.1,9.4,1025.1,20.0,2.1
60.1,12.2,8.9,1025.4,30.0,2.6
17.075,10.6,8.3,1025.8,70.0,2.1
6.875,8.9,7.2,1025.8,80.0,2.1
10.3,9.4,7.2,1025.8,120.0,2.1
10.1,9.4,7.8,1025.7,80.0,2.6
10.25,8.3,7.2,1025.6,90.0,1.5
10.3,7.8,6.7,1025.7,90.0,2.1
7.075,7.2,6.1,1024.9,70.0,2.6
34.925,6.7,5.6,1025.1,70.0,2.1
86.975,7.2,6.1,1025.4,70.0,2.1
149.05,7.2,6.1,1025.7,80.0,3.1
148.8,9.4,7.8,1026.2,80.0,2.6
140.75,13.9,10.0,1026.3,130.0,3.1
37.425,16.7,11.1,1026.3,160.0,3.6
13.525,18.9,11.1,1025.7,160.0,5.1
12.9,20.6,12.2,1025.4,200.0,5.7
17.7,22.2,12.2,1024.8,180.0,3.1
61.35,23.3,12.8,1023.8,160.0,5.1
61.15,23.9,12.8,1023.0,150.0,4.6
87.875,24.4,13.3,1022.2,140.0,4.6
126.0,23.9,13.3,1021.8,160.0,5.1
150.3,22.8,13.3,1021.9,150.0,5.7
101.5,20.6,12.8,1022.1,160.0,3.6
62.4,18.3,12.2,1022.7,140.0,2.6
19.65,17.8,12.2,1022.5,130.0,3.1
8.475,16.7,12.2,1022.5,160.0,3.6
9.325,16.7,12.2,1022.5,150.0,4.1
8.8,17.2,12.2,1021.8,150.0,5.7
8.925,16.1,11.7,1021.9,160.0,3.1
5.5,16.1,11.1,1021.2,160.0,4.1
5.65,15.0,11.1,1020.6,150.0,5.1
32.625,15.0,11.1,1020.7,170.0,4.6
85.0,14.4,11.1,1020.1,160.0,5.7
147.1,14.4,11.7,1020.3,150.0,5.1
146.275,15.0,11.7,1020.4,160.0,5.7
139.45,16.7,12.8,1020.0,160.0,5.7
47.825,18.9,13.9,1020.0,160.0,4.6
26.625,21.1,15.6,1019.5,170.0,3.6
66.5,22.8,16.1,1018.4,170.0,6.7
94.25,22.2,16.1,1018.4,190.0,4.6
134.125,22.2,16.7,1017.8,180.0,4.6
147.575,21.7,16.7,1017.5,170.0,3.6
146.55,20.6,17.2,1017.3,170.0,4.6
146.325,20.6,17.2,1017.0,160.0,5.1
144.45,20.6,17.2,1016.8,180.0,5.7
101.45,20.0,17.2,1016.4,170.0,5.1
64.825,20.0,17.2,1016.5,170.0,5.7
25.975,20.0,17.2,1016.9,180.0,5.1
14.875,20.0,17.2,1016.5,170.0,4.6
18.975,20.0,4.402398350029464,1015.8,150.0,3.6
18.0,20.0,4.402398350029464,1015.1,160.0,5.7
18.95,21.1,17.2,1015.3,200.0,4.6
14.45,18.9,18.3,1016.3,220.0,2.6
9.775,18.9,18.3,1015.7,170.0,1.5
9.6,18.9,18.3,1015.1,150.0,1.5
36.725,18.9,18.3,1014.9,190.0,2.1
86.525,19.4,18.3,1015.0,200.0,2.1
147.725,18.9,18.9,1015.9,0.0,0.0
145.925,19.4,18.9,1016.5,0.0,0.0
147.8,21.1,19.4,1016.6,0.0,0.0
90.25,21.7,19.4,1017.0,210.0,2.1
71.35,22.2,18.9,1016.9,210.0,1.5
42.35,23.9,19.4,1016.7,210.0,2.6
54.725,24.4,18.9,1016.4,220.0,2.6
149.9,24.4,18.9,1016.2,240.0,3.1
150.55,24.4,18.9,1015.8,200.0,2.1
131.65,26.7,18.3,1015.2,200.0,5.1
157.675,25.6,18.3,1015.0,220.0,3.1
161.975,24.4,19.4,1015.2,160.0,3.1
110.75,22.2,19.4,1015.6,160.0,2.6
73.25,20.6,18.9,1015.7,130.0,2.6
35.575,20.6,18.3,1016.0,180.0,3.1
18.75,20.0,18.3,1016.3,190.0,1.5
19.8,18.9,18.3,1016.6,0.0,0.0
14.85,18.9,18.3,1016.7,130.0,1.5
13.375,18.9,18.3,1016.3,130.0,2.1
12.95,18.9,18.3,1016.1,0.0,0.0
10.025,18.3,17.8,1015.8,0.0,0.0
34.4,17.2,16.7,1016.1,0.0,0.0
91.775,16.7,16.7,1016.5,0.0,0.0
155.5,16.7,16.1,1017.2,0.0,0.0
152.775,17.2,17.2,1017.7,0.0,0.0
152.375,19.4,18.9,1017.5,0.0,0.0
39.2,21.7,18.9,1018.0,310.0,2.6
36.175,22.2,17.8,1018.1,310.0,2.1
32.825,22.8,18.3,1017.8,310.0,2.1
74.825,23.9,15.6,1017.7,310.0,3.1
109.25,24.4,15.6,1017.8,50.0,2.1
132.75,25.0,15.0,1017.7,0.0,0.0
139.575,25.0,16.1,1017.7,290.0,1.5
162.5,24.4,15.6,1017.9,290.0,1.5
109.85,21.1,17.8,1018.0,0.0,0.0
68.875,17.8,17.2,1018.3,60.0,2.1
23.725,16.7,15.6,1018.7,60.0,1.5
7.2,17.2,15.6,1019.3,70.0,1.5
10.325,16.1,15.6,1019.6,70.0,2.1
9.95,16.1,15.0,1019.6,70.0,2.1
9.675,15.6,15.0,1019.5,70.0,2.1
10.4,15.0,14.4,1019.5,60.0,2.1
6.825,15.0,14.4,1019.2,70.0,2.6
7.15,14.4,13.9,1019.5,80.0,2.6
34.175,14.4,13.9,1019.8,80.0,2.6
89.225,13.9,13.3,1020.3,80.0,2.6
152.45,13.9,13.3,1020.8,80.0,2.6
152.0,15.0,14.4,1021.3,80.0,2.1
135.575,18.9,16.1,1021.3,120.0,1.5
47.125,22.2,17.8,1021.3,0.0,0.0
29.15,23.9,15.0,1020.9,0.0,2.1
22.175,26.1,11.1,1020.7,230.0,3.6
23.8,27.2,12.8,1020.4,320.0,2.6
66.1,27.8,13.3,1019.9,330.0,1.5
72.35,28.3,12.8,1019.4,330.0,2.6
92.925,28.3,11.7,1019.0,270.0,2.6
148.925,27.8,13.9,1019.2,280.0,3.1
164.75,27.2,13.9,1019.4,280.0,3.6
118.45,22.2,16.1,1019.9,0.0,0.0
79.325,21.1,14.4,1020.5,320.0,2.6
35.85,20.6,17.2,1021.2,360.0,2.6
11.25,16.7,15.6,1021.5,0.0,0.0
11.175,15.6,14.4,1021.6,0.0,0.0
9.725,15.0,14.4,1022.0,0.0,0.0
153.875,11.0,11.0,1022.0,0.0,2.1
152.8,12.2,11.7,1024.7,90.0,2.1
111.075,15.6,13.9,1024.8,80.0,1.5
39.125,18.9,13.9,1024.9,0.0,0.0
22.55,21.1,11.1,1025.0,190.0,2.1
19.975,23.3,9.4,1024.5,190.0,1.5
21.2,24.4,6.7,1024.3,270.0,1.5
20.55,25.0,7.8,1023.9,310.0,1.5
28.575,25.6,8.3,1023.5,0.0,0.0
54.975,25.0,8.9,1023.2,310.0,2.6
102.275,25.0,10.6,1023.5,330.0,3.1
112.35,23.9,10.0,1023.4,30.0,1.5
68.825,18.9,13.9,1023.5,30.0,2.1
67.55,15.6,11.7,1023.5,90.0,2.6
18.575,15.0,11.7,1023.6,60.0,2.1
6.2,14.4,11.7,1023.2,120.0,1.5
9.725,14.4,11.7,1022.8,70.0,2.1
10.075,13.9,11.7,1022.6,70.0,2.1
10.05,12.8,11.1,1022.5,80.0,2.6
10.2,12.2,11.1,1022.8,70.0,3.1
7.2,12.2,10.6,1022.9,70.0,2.1
6.9,11.7,10.6,1022.5,80.0,2.6
21.8,12.8,10.6,1022.3,70.0,2.1
38.425,12.2,10.6,1022.3,60.0,2.6
109.55,12.8,11.1,1022.8,90.0,2.6
145.15,12.2,11.1,1023.5,70.0,2.6
135.175,17.8,12.2,1023.1,110.0,1.5
46.9,21.1,13.3,1022.8,140.0,2.6
31.175,23.9,12.8,1022.0,200.0,3.6
23.025,25.0,12.8,1021.3,200.0,3.1
24.6,26.7,12.8,1020.8,0.0,0.0
66.1,27.2,12.2,1020.0,230.0,3.1
80.225,28.3,12.2,1019.4,190.0,4.6
98.825,29.0,13.0,1019.4,210.0,2.6
149.6,29.0,12.0,1019.4,0.0,0.0
173.675,27.0,13.0,1019.4,160.0,3.6
120.2,22.8,11.7,1018.7,140.0,2.1
79.6,20.6,10.0,1018.6,170.0,3.1
34.05,16.1,11.7,1018.7,140.0,1.5
15.275,18.3,10.0,1018.4,150.0,2.6
19.025,20.0,9.4,1017.9,160.0,3.6
17.225,20.0,10.0,1017.6,160.0,3.6
16.0,20.6,10.6,1017.3,170.0,2.1
12.925,19.4,11.1,1017.3,150.0,2.6
8.925,18.9,12.2,1017.1,150.0,1.5
8.25,18.9,11.7,1016.9,150.0,1.5
36.0,19.4,11.7,1016.8,160.0,2.6
95.75,19.4,11.7,1016.6,150.0,2.1
163.55,17.8,13.3,1017.0,0.0,0.0
162.2,17.0,14.0,1017.0,0.0,0.0
160.9,19.4,15.6,1017.2,140.0,1.5
124.375,22.2,15.0,1017.0,170.0,1.5
52.625,22.8,16.1,1017.5,340.0,3.1
53.0,22.8,18.9,1017.4,300.0,6.2
13.825,21.1,18.3,1017.7,300.0,8.2
63.725,19.4,17.2,1017.5,290.0,5.7
100.75,18.9,16.1,1017.3,290.0,6.7
143.4,18.3,15.6,1017.3,290.0,4.6
134.55,17.8,15.0,1017.6,320.0,3.1
129.625,16.1,13.9,1018.2,330.0,4.1
97.225,15.0,13.3,1018.9,310.0,3.6
22.575,13.3,12.2,1019.8,340.0,3.1
6.4,13.3,11.7,1020.1,360.0,2.6
9.175,12.8,11.1,1020.5,10.0,3.6
8.9,12.2,10.0,1021.0,20.0,2.6
9.225,11.7,10.0,1020.9,30.0,2.1
9.65,11.7,9.4,1020.8,20.0,2.6
7.475,9.4,8.3,1021.1,10.0,2.6
7.6,8.3,6.7,1020.9,30.0,2.1
33.95,6.7,6.1,1021.7,50.0,1.5
94.125,6.7,6.1,1022.1,70.0,1.5
135.575,6.7,6.1,1022.8,70.0,2.1
134.875,7.8,7.2,1023.5,0.0,0.0
22.1,12.0,8.0,1023.5,0.0,0.0
22.875,15.0,6.7,1023.6,360.0,3.6
24.375,15.6,6.1,1023.6,330.0,4.6
12.375,16.1,6.7,1023.4,330.0,6.7
49.675,16.7,6.1,1022.8,20.0,3.6
49.325,17.2,5.6,1022.4,340.0,5.1
63.775,15.6,5.6,1022.3,340.0,4.1
104.625,16.1,6.7,1022.2,330.0,5.1
131.15,14.4,6.1,1022.8,350.0,3.6
98.3,12.8,5.0,1023.2,360.0,3.6
57.75,7.8,5.0,1023.9,0.0,0.0
22.65,5.6,3.9,1024.1,360.0,1.5
7.525,6.1,3.9,1024.0,350.0,2.1
10.775,5.0,3.9,1024.0,0.0,0.0
11.05,3.9,3.3,1024.1,80.0,1.5
11.2,3.9,3.3,1023.8,60.0,1.5
10.7,3.3,2.8,1023.8,70.0,1.5
7.625,4.4,3.9,1023.8,70.0,2.6
7.675,3.9,3.3,1023.8,80.0,2.1
34.75,2.2,1.7,1024.1,0.0,0.0
94.225,1.7,1.1,1024.5,100.0,1.5
135.175,2.2,1.7,1024.6,100.0,1.5
134.9,4.4,3.9,1025.1,0.0,0.0
113.825,7.8,5.6,1025.3,0.0,0.0
23.325,10.6,6.7,1025.4,0.0,1.5
15.85,12.8,4.4,1025.3,0.0,2.6
8.65,13.9,3.3,1024.9,0.0,2.1
9.025,15.6,4.4,1024.5,0.0,3.1
49.7,15.6,3.9,1024.0,310.0,2.6
53.25,16.1,3.3,1023.2,270.0,4.1
63.825,16.7,3.9,1022.9,270.0,4.6
114.475,16.1,3.9,1022.7,300.0,3.6
129.575,15.6,4.4,1022.5,310.0,3.1
96.925,10.6,5.6,1022.8,350.0,1.5
58.375,8.3,5.0,1023.2,40.0,2.6
22.725,7.2,4.4,1023.4,80.0,2.1
7.5,8.3,3.9,1023.3,60.0,2.6
11.2,7.8,3.9,1022.8,80.0,3.1
11.175,6.1,3.9,1023.1,70.0,2.1
10.875,5.6,3.9,1022.6,70.0,1.5
